<collection xmlns="http://exist.sourceforge.net/NS/exist" name="/db/apps/demo/examples/xforms" version="1" owner="demo" group="demo" mode="775" created="2016-01-06T15:49:56.919-04:00">
    <acl entries="0" version="1"/>
    <resource type="XMLResource" name="demo.html" skip="no" owner="demo" group="demo" mode="775" created="2016-01-06T15:49:56.919-04:00" modified="2016-01-06T15:49:56.919-04:00" filename="demo.html" mimetype="text/html">
        <acl entries="0" version="1"/>
    </resource>
    <resource type="BinaryResource" name="controller.xql" skip="no" owner="demo" group="demo" mode="775" created="2016-01-06T15:49:56.928-04:00" modified="2016-01-06T15:49:56.928-04:00" filename="controller.xql" mimetype="application/xquery">
        <acl entries="0" version="1"/>
    </resource>
    <resource type="BinaryResource" name="restxq-demo.xql" skip="no" owner="demo" group="demo" mode="775" created="2016-01-06T15:49:56.935-04:00" modified="2016-01-06T15:49:56.935-04:00" filename="restxq-demo.xql" mimetype="application/xquery">
        <acl entries="0" version="1"/>
    </resource>
</collection>