<collection xmlns="http://exist.sourceforge.net/NS/exist" name="/db/apps/betterform/modules" version="1" owner="admin" group="dba" mode="775" created="2016-01-06T15:49:56.309-04:00">
    <acl entries="0" version="1"/>
    <resource type="BinaryResource" name="create-collection.xql" skip="no" owner="admin" group="dba" mode="775" created="2016-01-06T15:49:56.311-04:00" modified="2016-01-06T15:49:56.311-04:00" filename="create-collection.xql" mimetype="application/xquery">
        <acl entries="0" version="1"/>
    </resource>
    <resource type="BinaryResource" name="login.xql" skip="no" owner="admin" group="dba" mode="775" created="2016-01-06T15:49:56.312-04:00" modified="2016-01-06T15:49:56.312-04:00" filename="login.xql" mimetype="application/xquery">
        <acl entries="0" version="1"/>
    </resource>
    <resource type="BinaryResource" name="FormsQuery.xql" skip="no" owner="admin" group="dba" mode="775" created="2016-01-06T15:49:56.309-04:00" modified="2016-01-06T15:49:56.309-04:00" filename="FormsQuery.xql" mimetype="application/xquery">
        <acl entries="0" version="1"/>
    </resource>
    <resource type="BinaryResource" name="templates.xql" skip="no" owner="admin" group="dba" mode="775" created="2016-01-06T15:49:56.309-04:00" modified="2016-01-06T15:49:56.309-04:00" filename="templates.xql" mimetype="application/xquery">
        <acl entries="0" version="1"/>
    </resource>
    <resource type="BinaryResource" name="config.xqm" skip="no" owner="admin" group="dba" mode="775" created="2016-01-06T15:49:56.31-04:00" modified="2016-01-06T15:49:56.31-04:00" filename="config.xqm" mimetype="application/xquery">
        <acl entries="0" version="1"/>
    </resource>
    <resource type="BinaryResource" name="upload-document.xql" skip="no" owner="admin" group="dba" mode="775" created="2016-01-06T15:49:56.31-04:00" modified="2016-01-06T15:49:56.31-04:00" filename="upload-document.xql" mimetype="application/xquery">
        <acl entries="0" version="1"/>
    </resource>
    <resource type="BinaryResource" name="view.xql" skip="no" owner="admin" group="dba" mode="775" created="2016-01-06T15:49:56.311-04:00" modified="2016-01-06T15:49:56.311-04:00" filename="view.xql" mimetype="application/xquery">
        <acl entries="0" version="1"/>
    </resource>
</collection>