<collection xmlns="http://exist.sourceforge.net/NS/exist" name="/db/apps/fundocs" version="1" owner="eXide" group="eXide" mode="775" created="2016-01-06T15:50:07.547-04:00">
    <acl entries="0" version="1"/>
    <resource type="XMLResource" name="repo.xml" skip="no" owner="eXide" group="eXide" mode="664" created="2016-01-06T15:50:07.574-04:00" modified="2016-01-06T15:50:07.574-04:00" filename="repo.xml" mimetype="application/xml">
        <acl entries="0" version="1"/>
    </resource>
    <resource type="BinaryResource" name="icon.png" skip="no" owner="eXide" group="eXide" mode="664" created="2016-01-06T15:50:07.547-04:00" modified="2016-01-06T15:50:07.547-04:00" filename="icon.png" mimetype="image/png">
        <acl entries="0" version="1"/>
    </resource>
    <resource type="XMLResource" name="index.html" skip="no" owner="eXide" group="eXide" mode="664" created="2016-01-06T15:50:07.547-04:00" modified="2016-01-06T15:50:07.547-04:00" filename="index.html" mimetype="text/html">
        <acl entries="0" version="1"/>
    </resource>
    <resource type="BinaryResource" name="pre-install.xql" skip="no" owner="eXide" group="eXide" mode="775" created="2016-01-06T15:50:07.55-04:00" modified="2016-01-06T15:50:07.55-04:00" filename="pre-install.xql" mimetype="application/xquery">
        <acl entries="0" version="1"/>
    </resource>
    <resource type="XMLResource" name="error-page.html" skip="no" owner="eXide" group="eXide" mode="664" created="2016-01-06T15:50:07.55-04:00" modified="2016-01-06T15:50:07.55-04:00" filename="error-page.html" mimetype="text/html">
        <acl entries="0" version="1"/>
    </resource>
    <resource type="XMLResource" name="ajax.html" skip="no" owner="eXide" group="eXide" mode="664" created="2016-01-06T15:50:07.551-04:00" modified="2016-01-06T15:50:07.551-04:00" filename="ajax.html" mimetype="text/html">
        <acl entries="0" version="1"/>
    </resource>
    <resource type="BinaryResource" name="controller.xql" skip="no" owner="eXide" group="eXide" mode="775" created="2016-01-06T15:50:07.552-04:00" modified="2016-01-06T15:50:07.552-04:00" filename="controller.xql" mimetype="application/xquery">
        <acl entries="0" version="1"/>
    </resource>
    <resource type="XMLResource" name="browse.html" skip="no" owner="eXide" group="eXide" mode="664" created="2016-01-06T15:50:07.552-04:00" modified="2016-01-06T15:50:07.552-04:00" filename="browse.html" mimetype="text/html">
        <acl entries="0" version="1"/>
    </resource>
    <resource type="XMLResource" name="expath-pkg.xml" skip="no" owner="eXide" group="eXide" mode="664" created="2016-01-06T15:50:07.553-04:00" modified="2016-01-06T15:50:07.553-04:00" filename="expath-pkg.xml" mimetype="application/xml">
        <acl entries="0" version="1"/>
    </resource>
    <resource type="XMLResource" name="collection.xconf" skip="no" owner="eXide" group="eXide" mode="664" created="2016-01-06T15:50:07.554-04:00" modified="2016-01-06T15:50:07.554-04:00" filename="collection.xconf" mimetype="application/xml">
        <acl entries="0" version="1"/>
    </resource>
    <resource type="XMLResource" name="view.html" skip="no" owner="eXide" group="eXide" mode="664" created="2016-01-06T15:50:07.555-04:00" modified="2016-01-06T15:50:07.555-04:00" filename="view.html" mimetype="text/html">
        <acl entries="0" version="1"/>
    </resource>
    <resource type="XMLResource" name="build.xml" skip="no" owner="eXide" group="eXide" mode="664" created="2016-01-06T15:50:07.556-04:00" modified="2016-01-06T15:50:07.556-04:00" filename="build.xml" mimetype="application/xml">
        <acl entries="0" version="1"/>
    </resource>
    <subcollection name="data" filename="data"/>
    <subcollection name="templates" filename="templates"/>
    <subcollection name="modules" filename="modules"/>
    <subcollection name="resources" filename="resources"/>
</collection>