<collection xmlns="http://exist.sourceforge.net/NS/exist" name="/db/apps/markdown" version="1" owner="eXide" group="eXide" mode="775" created="2016-01-06T15:50:07.186-04:00">
    <acl entries="0" version="1"/>
    <resource type="BinaryResource" name="controller.xql" skip="no" owner="eXide" group="eXide" mode="775" created="2016-01-06T15:50:07.186-04:00" modified="2016-01-06T15:50:07.186-04:00" filename="controller.xql" mimetype="application/xquery">
        <acl entries="0" version="1"/>
    </resource>
    <resource type="BinaryResource" name="readme.md" skip="no" owner="eXide" group="eXide" mode="664" created="2016-01-06T15:50:07.192-04:00" modified="2016-01-06T15:50:07.192-04:00" filename="readme.md" mimetype="text/x-markdown">
        <acl entries="0" version="1"/>
    </resource>
    <resource type="XMLResource" name="expath-pkg.xml" skip="no" owner="eXide" group="eXide" mode="664" created="2016-01-06T15:50:07.193-04:00" modified="2016-01-06T15:50:07.193-04:00" filename="expath-pkg.xml" mimetype="application/xml">
        <acl entries="0" version="1"/>
    </resource>
    <resource type="BinaryResource" name="test.md" skip="no" owner="eXide" group="eXide" mode="664" created="2016-01-06T15:50:07.195-04:00" modified="2016-01-06T15:50:07.195-04:00" filename="test.md" mimetype="text/x-markdown">
        <acl entries="0" version="1"/>
    </resource>
    <resource type="XMLResource" name="build.xml" skip="no" owner="eXide" group="eXide" mode="664" created="2016-01-06T15:50:07.196-04:00" modified="2016-01-06T15:50:07.196-04:00" filename="build.xml" mimetype="application/xml">
        <acl entries="0" version="1"/>
    </resource>
    <resource type="BinaryResource" name="parse.xql" skip="no" owner="eXide" group="eXide" mode="775" created="2016-01-06T15:50:07.197-04:00" modified="2016-01-06T15:50:07.197-04:00" filename="parse.xql" mimetype="application/xquery">
        <acl entries="0" version="1"/>
    </resource>
    <resource type="XMLResource" name="repo.xml" skip="no" owner="eXide" group="eXide" mode="664" created="2016-01-06T15:50:07.508-04:00" modified="2016-01-06T15:50:07.508-04:00" filename="repo.xml" mimetype="application/xml">
        <acl entries="0" version="1"/>
    </resource>
    <subcollection name="content" filename="content"/>
</collection>