<collection xmlns="http://exist.sourceforge.net/NS/exist" name="/db/apps/betterform/demo" version="1" owner="admin" group="dba" mode="775" created="2016-01-06T15:49:56.312-04:00">
    <acl entries="0" version="1"/>
    <resource type="XMLResource" name="registration.xml" skip="no" owner="admin" group="dba" mode="775" created="2016-01-06T15:49:56.313-04:00" modified="2016-01-06T15:49:56.313-04:00" filename="registration.xml" mimetype="application/xml">
        <acl entries="0" version="1"/>
    </resource>
    <resource type="XMLResource" name="contacts_subform_2.xml" skip="no" owner="admin" group="dba" mode="775" created="2016-01-06T15:49:56.315-04:00" modified="2016-01-06T15:49:56.315-04:00" filename="contacts_subform_2.xml" mimetype="application/xml">
        <acl entries="0" version="1"/>
    </resource>
    <resource type="XMLResource" name="orderlist.xhtml" skip="no" owner="admin" group="dba" mode="775" created="2016-01-06T15:49:56.323-04:00" modified="2016-01-06T15:49:56.323-04:00" filename="orderlist.xhtml" mimetype="application/xhtml+xml">
        <acl entries="0" version="1"/>
    </resource>
    <resource type="XMLResource" name="registration.xhtml" skip="no" owner="admin" group="dba" mode="775" created="2016-01-06T15:49:56.333-04:00" modified="2016-01-06T15:49:56.333-04:00" filename="registration.xhtml" mimetype="application/xhtml+xml">
        <acl entries="0" version="1"/>
    </resource>
    <resource type="XMLResource" name="contacts.xhtml" skip="no" owner="admin" group="dba" mode="775" created="2016-01-06T15:49:56.337-04:00" modified="2016-01-06T15:49:56.337-04:00" filename="contacts.xhtml" mimetype="application/xhtml+xml">
        <acl entries="0" version="1"/>
    </resource>
    <resource type="XMLResource" name="orderlist.xml" skip="no" owner="admin" group="dba" mode="775" created="2016-01-06T15:49:56.341-04:00" modified="2016-01-06T15:49:56.341-04:00" filename="orderlist.xml" mimetype="application/xml">
        <acl entries="0" version="1"/>
    </resource>
    <resource type="XMLResource" name="contacts.xml" skip="no" owner="admin" group="dba" mode="775" created="2016-01-06T15:49:56.342-04:00" modified="2016-01-06T15:49:56.342-04:00" filename="contacts.xml" mimetype="application/xml">
        <acl entries="0" version="1"/>
    </resource>
    <resource type="XMLResource" name="contacts_subform_1.xml" skip="no" owner="admin" group="dba" mode="775" created="2016-01-06T15:49:56.344-04:00" modified="2016-01-06T15:49:56.344-04:00" filename="contacts_subform_1.xml" mimetype="application/xml">
        <acl entries="0" version="1"/>
    </resource>
    <subcollection name="styles" filename="styles"/>
    <subcollection name="images" filename="images"/>
</collection>