<collection xmlns="http://exist.sourceforge.net/NS/exist" name="/db/apps/demo" version="1" owner="demo" group="demo" mode="775" created="2016-01-06T15:49:56.77-04:00">
    <acl entries="0" version="1"/>
    <resource type="XMLResource" name="repo.xml" skip="no" owner="demo" group="demo" mode="775" created="2016-01-06T15:50:03.198-04:00" modified="2016-01-06T15:50:03.198-04:00" filename="repo.xml" mimetype="application/xml">
        <acl entries="0" version="1"/>
    </resource>
    <resource type="BinaryResource" name="icon.png" skip="no" owner="demo" group="demo" mode="775" created="2016-01-06T15:49:56.771-04:00" modified="2016-01-06T15:49:56.771-04:00" filename="icon.png" mimetype="image/png">
        <acl entries="0" version="1"/>
    </resource>
    <resource type="XMLResource" name="index.html" skip="no" owner="demo" group="demo" mode="775" created="2016-01-06T15:49:56.771-04:00" modified="2016-01-06T15:49:56.771-04:00" filename="index.html" mimetype="text/html">
        <acl entries="0" version="1"/>
    </resource>
    <resource type="BinaryResource" name="pre-install.xql" skip="no" owner="demo" group="demo" mode="775" created="2016-01-06T15:49:56.774-04:00" modified="2016-01-06T15:49:56.774-04:00" filename="pre-install.xql" mimetype="application/xquery">
        <acl entries="0" version="1"/>
    </resource>
    <resource type="XMLResource" name="error-page.html" skip="no" owner="demo" group="demo" mode="775" created="2016-01-06T15:49:56.787-04:00" modified="2016-01-06T15:49:56.787-04:00" filename="error-page.html" mimetype="text/html">
        <acl entries="0" version="1"/>
    </resource>
    <resource type="BinaryResource" name="README.md" skip="no" owner="demo" group="demo" mode="775" created="2016-01-06T15:49:56.79-04:00" modified="2016-01-06T15:49:56.79-04:00" filename="README.md" mimetype="text/x-markdown">
        <acl entries="0" version="1"/>
    </resource>
    <resource type="BinaryResource" name="controller.xql" skip="no" owner="demo" group="demo" mode="775" created="2016-01-06T15:49:56.79-04:00" modified="2016-01-06T15:49:56.79-04:00" filename="controller.xql" mimetype="application/xquery">
        <acl entries="0" version="1"/>
    </resource>
    <resource type="XMLResource" name="expath-pkg.xml" skip="no" owner="demo" group="demo" mode="775" created="2016-01-06T15:49:56.858-04:00" modified="2016-01-06T15:49:56.858-04:00" filename="expath-pkg.xml" mimetype="application/xml">
        <acl entries="0" version="1"/>
    </resource>
    <resource type="BinaryResource" name="post-install.xql" skip="no" owner="demo" group="demo" mode="775" created="2016-01-06T15:49:56.86-04:00" modified="2016-01-06T15:49:56.86-04:00" filename="post-install.xql" mimetype="application/xquery">
        <acl entries="0" version="1"/>
    </resource>
    <resource type="XMLResource" name="collection.xconf" skip="no" owner="demo" group="demo" mode="775" created="2016-01-06T15:49:56.87-04:00" modified="2016-01-06T15:49:56.87-04:00" filename="collection.xconf" mimetype="application/xml">
        <acl entries="0" version="1"/>
    </resource>
    <resource type="XMLResource" name="data.xconf" skip="no" owner="demo" group="demo" mode="775" created="2016-01-06T15:49:56.873-04:00" modified="2016-01-06T15:49:56.873-04:00" filename="data.xconf" mimetype="application/xml">
        <acl entries="0" version="1"/>
    </resource>
    <resource type="XMLResource" name="cex-demo.html" skip="no" owner="demo" group="demo" mode="775" created="2016-01-06T15:49:56.874-04:00" modified="2016-01-06T15:49:56.874-04:00" filename="cex-demo.html" mimetype="text/html">
        <acl entries="0" version="1"/>
    </resource>
    <resource type="XMLResource" name="build.xml" skip="no" owner="demo" group="demo" mode="775" created="2016-01-06T15:49:56.877-04:00" modified="2016-01-06T15:49:56.877-04:00" filename="build.xml" mimetype="application/xml">
        <acl entries="0" version="1"/>
    </resource>
    <subcollection name="data" filename="data"/>
    <subcollection name="examples" filename="examples"/>
    <subcollection name="modules" filename="modules"/>
    <subcollection name="resources" filename="resources"/>
    <subcollection name="templates" filename="templates"/>
</collection>