<?xml version="1.0" encoding="UTF-8"?>
<meta xmlns="http://exist-db.org/xquery/repo"><description>Various small demo applications.</description><author>Wolfgang Meier</author><website/><status>beta</status><license>GNU-LGPL</license><copyright>true</copyright><type>application</type><target>demo</target><prepare>pre-install.xql</prepare><finish>post-install.xql</finish><permissions xmlns:repo="http://exist-db.org/xquery/repo" user="demo" group="demo" mode="0775"/><deployed>2016-01-06T15:50:03.197-04:00</deployed></meta>