<collection xmlns="http://exist.sourceforge.net/NS/exist" name="/db/apps/betterform/reference" version="1" owner="admin" group="dba" mode="775" created="2016-01-06T15:49:55.755-04:00">
    <acl entries="0" version="1"/>
    <resource type="XMLResource" name="Uploadbase64.xhtml" skip="no" owner="admin" group="dba" mode="775" created="2016-01-06T15:49:55.755-04:00" modified="2016-01-06T15:49:55.755-04:00" filename="Uploadbase64.xhtml" mimetype="application/xhtml+xml">
        <acl entries="0" version="1"/>
    </resource>
    <resource type="XMLResource" name="EmbedHTML.xhtml" skip="no" owner="admin" group="dba" mode="775" created="2016-01-06T15:49:55.77-04:00" modified="2016-01-06T15:49:55.77-04:00" filename="EmbedHTML.xhtml" mimetype="application/xhtml+xml">
        <acl entries="0" version="1"/>
    </resource>
    <resource type="XMLResource" name="intro.html" skip="no" owner="admin" group="dba" mode="775" created="2016-01-06T15:49:55.776-04:00" modified="2016-01-06T15:49:55.776-04:00" filename="intro.html" mimetype="text/html">
        <acl entries="0" version="1"/>
    </resource>
    <resource type="XMLResource" name="GroupHorizontalTable.xhtml" skip="no" owner="admin" group="dba" mode="775" created="2016-01-06T15:49:55.779-04:00" modified="2016-01-06T15:49:55.779-04:00" filename="GroupHorizontalTable.xhtml" mimetype="application/xhtml+xml">
        <acl entries="0" version="1"/>
    </resource>
    <resource type="XMLResource" name="TriggerLinkedImage.xhtml" skip="no" owner="admin" group="dba" mode="775" created="2016-01-06T15:49:55.795-04:00" modified="2016-01-06T15:49:55.795-04:00" filename="TriggerLinkedImage.xhtml" mimetype="application/xhtml+xml">
        <acl entries="0" version="1"/>
    </resource>
    <resource type="XMLResource" name="SelectListOpen.xhtml" skip="no" owner="admin" group="dba" mode="775" created="2016-01-06T15:49:55.805-04:00" modified="2016-01-06T15:49:55.805-04:00" filename="SelectListOpen.xhtml" mimetype="application/xhtml+xml">
        <acl entries="0" version="1"/>
    </resource>
    <resource type="XMLResource" name="AlertDefaultTypes.xhtml" skip="no" owner="admin" group="dba" mode="775" created="2016-01-06T15:49:55.819-04:00" modified="2016-01-06T15:49:55.819-04:00" filename="AlertDefaultTypes.xhtml" mimetype="application/xhtml+xml">
        <acl entries="0" version="1"/>
    </resource>
    <resource type="XMLResource" name="LoadNew.xhtml" skip="no" owner="admin" group="dba" mode="775" created="2016-01-06T15:49:55.83-04:00" modified="2016-01-06T15:49:55.83-04:00" filename="LoadNew.xhtml" mimetype="application/xhtml+xml">
        <acl entries="0" version="1"/>
    </resource>
    <resource type="XMLResource" name="SelectList.xhtml" skip="no" owner="admin" group="dba" mode="775" created="2016-01-06T15:49:55.834-04:00" modified="2016-01-06T15:49:55.834-04:00" filename="SelectList.xhtml" mimetype="application/xhtml+xml">
        <acl entries="0" version="1"/>
    </resource>
    <resource type="XMLResource" name="control-overview.html" skip="no" owner="admin" group="dba" mode="775" created="2016-01-06T15:49:55.846-04:00" modified="2016-01-06T15:49:55.846-04:00" filename="control-overview.html" mimetype="text/html">
        <acl entries="0" version="1"/>
    </resource>
    <resource type="XMLResource" name="GroupVerticalTable.xhtml" skip="no" owner="admin" group="dba" mode="775" created="2016-01-06T15:49:55.85-04:00" modified="2016-01-06T15:49:55.85-04:00" filename="GroupVerticalTable.xhtml" mimetype="application/xhtml+xml">
        <acl entries="0" version="1"/>
    </resource>
    <resource type="XMLResource" name="Select1Open.xhtml" skip="no" owner="admin" group="dba" mode="775" created="2016-01-06T15:49:55.862-04:00" modified="2016-01-06T15:49:55.862-04:00" filename="Select1Open.xhtml" mimetype="application/xhtml+xml">
        <acl entries="0" version="1"/>
    </resource>
    <resource type="XMLResource" name="InputDropDownDate.xhtml" skip="no" owner="admin" group="dba" mode="775" created="2016-01-06T15:49:55.871-04:00" modified="2016-01-06T15:49:55.871-04:00" filename="InputDropDownDate.xhtml" mimetype="application/xhtml+xml">
        <acl entries="0" version="1"/>
    </resource>
    <resource type="XMLResource" name="UploadFile.xhtml" skip="no" owner="admin" group="dba" mode="775" created="2016-01-06T15:49:55.882-04:00" modified="2016-01-06T15:49:55.882-04:00" filename="UploadFile.xhtml" mimetype="application/xhtml+xml">
        <acl entries="0" version="1"/>
    </resource>
    <resource type="XMLResource" name="OutputImage.xhtml" skip="no" owner="admin" group="dba" mode="775" created="2016-01-06T15:49:55.891-04:00" modified="2016-01-06T15:49:55.891-04:00" filename="OutputImage.xhtml" mimetype="application/xhtml+xml">
        <acl entries="0" version="1"/>
    </resource>
    <resource type="XMLResource" name="OutputLink.xhtml" skip="no" owner="admin" group="dba" mode="775" created="2016-01-06T15:49:55.9-04:00" modified="2016-01-06T15:49:55.9-04:00" filename="OutputLink.xhtml" mimetype="application/xhtml+xml">
        <acl entries="0" version="1"/>
    </resource>
    <resource type="XMLResource" name="InputText.xhtml" skip="no" owner="admin" group="dba" mode="775" created="2016-01-06T15:49:55.91-04:00" modified="2016-01-06T15:49:55.91-04:00" filename="InputText.xhtml" mimetype="application/xhtml+xml">
        <acl entries="0" version="1"/>
    </resource>
    <resource type="XMLResource" name="GroupMinimal.xhtml" skip="no" owner="admin" group="dba" mode="775" created="2016-01-06T15:49:55.919-04:00" modified="2016-01-06T15:49:55.919-04:00" filename="GroupMinimal.xhtml" mimetype="application/xhtml+xml">
        <acl entries="0" version="1"/>
    </resource>
    <resource type="XMLResource" name="GroupDefault.xhtml" skip="no" owner="admin" group="dba" mode="775" created="2016-01-06T15:49:55.928-04:00" modified="2016-01-06T15:49:55.928-04:00" filename="GroupDefault.xhtml" mimetype="application/xhtml+xml">
        <acl entries="0" version="1"/>
    </resource>
    <resource type="XMLResource" name="GroupFocus.xhtml" skip="no" owner="admin" group="dba" mode="775" created="2016-01-06T15:49:55.937-04:00" modified="2016-01-06T15:49:55.937-04:00" filename="GroupFocus.xhtml" mimetype="application/xhtml+xml">
        <acl entries="0" version="1"/>
    </resource>
    <resource type="XMLResource" name="TextareaGrowing.xhtml" skip="no" owner="admin" group="dba" mode="775" created="2016-01-06T15:49:55.943-04:00" modified="2016-01-06T15:49:55.943-04:00" filename="TextareaGrowing.xhtml" mimetype="application/xhtml+xml">
        <acl entries="0" version="1"/>
    </resource>
    <resource type="XMLResource" name="InputTime.xhtml" skip="no" owner="admin" group="dba" mode="775" created="2016-01-06T15:49:55.952-04:00" modified="2016-01-06T15:49:55.952-04:00" filename="InputTime.xhtml" mimetype="application/xhtml+xml">
        <acl entries="0" version="1"/>
    </resource>
    <resource type="XMLResource" name="InputCalendarAndTime.xhtml" skip="no" owner="admin" group="dba" mode="775" created="2016-01-06T15:49:55.962-04:00" modified="2016-01-06T15:49:55.962-04:00" filename="InputCalendarAndTime.xhtml" mimetype="application/xhtml+xml">
        <acl entries="0" version="1"/>
    </resource>
    <resource type="XMLResource" name="Secret.xhtml" skip="no" owner="admin" group="dba" mode="775" created="2016-01-06T15:49:55.973-04:00" modified="2016-01-06T15:49:55.973-04:00" filename="Secret.xhtml" mimetype="application/xhtml+xml">
        <acl entries="0" version="1"/>
    </resource>
    <resource type="XMLResource" name="Select1Combobox.xhtml" skip="no" owner="admin" group="dba" mode="775" created="2016-01-06T15:49:55.981-04:00" modified="2016-01-06T15:49:55.981-04:00" filename="Select1Combobox.xhtml" mimetype="application/xhtml+xml">
        <acl entries="0" version="1"/>
    </resource>
    <resource type="XMLResource" name="UploadhexBinary.xhtml" skip="no" owner="admin" group="dba" mode="775" created="2016-01-06T15:49:55.991-04:00" modified="2016-01-06T15:49:55.991-04:00" filename="UploadhexBinary.xhtml" mimetype="application/xhtml+xml">
        <acl entries="0" version="1"/>
    </resource>
    <resource type="XMLResource" name="GroupCompact.xhtml" skip="no" owner="admin" group="dba" mode="775" created="2016-01-06T15:49:56.002-04:00" modified="2016-01-06T15:49:56.002-04:00" filename="GroupCompact.xhtml" mimetype="application/xhtml+xml">
        <acl entries="0" version="1"/>
    </resource>
    <resource type="XMLResource" name="FeatureExplorer.xhtml" skip="no" owner="admin" group="dba" mode="775" created="2016-01-06T15:49:56.017-04:00" modified="2016-01-06T15:49:56.017-04:00" filename="FeatureExplorer.xhtml" mimetype="application/xhtml+xml">
        <acl entries="0" version="1"/>
    </resource>
    <resource type="XMLResource" name="LoadEmbed.xhtml" skip="no" owner="admin" group="dba" mode="775" created="2016-01-06T15:49:56.045-04:00" modified="2016-01-06T15:49:56.045-04:00" filename="LoadEmbed.xhtml" mimetype="application/xhtml+xml">
        <acl entries="0" version="1"/>
    </resource>
    <resource type="XMLResource" name="ModelToModelSubmission.xhtml" skip="no" owner="admin" group="dba" mode="775" created="2016-01-06T15:49:56.05-04:00" modified="2016-01-06T15:49:56.05-04:00" filename="ModelToModelSubmission.xhtml" mimetype="application/xhtml+xml">
        <acl entries="0" version="1"/>
    </resource>
    <resource type="XMLResource" name="Select1List.xhtml" skip="no" owner="admin" group="dba" mode="775" created="2016-01-06T15:49:56.055-04:00" modified="2016-01-06T15:49:56.055-04:00" filename="Select1List.xhtml" mimetype="application/xhtml+xml">
        <acl entries="0" version="1"/>
    </resource>
    <resource type="XMLResource" name="RepeatFull.xhtml" skip="no" owner="admin" group="dba" mode="775" created="2016-01-06T15:49:56.066-04:00" modified="2016-01-06T15:49:56.066-04:00" filename="RepeatFull.xhtml" mimetype="application/xhtml+xml">
        <acl entries="0" version="1"/>
    </resource>
    <resource type="XMLResource" name="TextareaSimple.xhtml" skip="no" owner="admin" group="dba" mode="775" created="2016-01-06T15:49:56.075-04:00" modified="2016-01-06T15:49:56.075-04:00" filename="TextareaSimple.xhtml" mimetype="application/xhtml+xml">
        <acl entries="0" version="1"/>
    </resource>
    <resource type="XMLResource" name="TriggerImage.xhtml" skip="no" owner="admin" group="dba" mode="775" created="2016-01-06T15:49:56.082-04:00" modified="2016-01-06T15:49:56.082-04:00" filename="TriggerImage.xhtml" mimetype="application/xhtml+xml">
        <acl entries="0" version="1"/>
    </resource>
    <resource type="XMLResource" name="GroupVerticalTableComplex.xhtml" skip="no" owner="admin" group="dba" mode="775" created="2016-01-06T15:49:56.091-04:00" modified="2016-01-06T15:49:56.091-04:00" filename="GroupVerticalTableComplex.xhtml" mimetype="application/xhtml+xml">
        <acl entries="0" version="1"/>
    </resource>
    <resource type="XMLResource" name="Select1RadioButton.xhtml" skip="no" owner="admin" group="dba" mode="775" created="2016-01-06T15:49:56.116-04:00" modified="2016-01-06T15:49:56.116-04:00" filename="Select1RadioButton.xhtml" mimetype="application/xhtml+xml">
        <acl entries="0" version="1"/>
    </resource>
    <resource type="XMLResource" name="OutputDefault.xhtml" skip="no" owner="admin" group="dba" mode="775" created="2016-01-06T15:49:56.127-04:00" modified="2016-01-06T15:49:56.127-04:00" filename="OutputDefault.xhtml" mimetype="application/xhtml+xml">
        <acl entries="0" version="1"/>
    </resource>
    <resource type="XMLResource" name="RepeatCompact.xhtml" skip="no" owner="admin" group="dba" mode="775" created="2016-01-06T15:49:56.134-04:00" modified="2016-01-06T15:49:56.134-04:00" filename="RepeatCompact.xhtml" mimetype="application/xhtml+xml">
        <acl entries="0" version="1"/>
    </resource>
    <resource type="XMLResource" name="SwitchPlain.xhtml" skip="no" owner="admin" group="dba" mode="775" created="2016-01-06T15:49:56.141-04:00" modified="2016-01-06T15:49:56.141-04:00" filename="SwitchPlain.xhtml" mimetype="application/xhtml+xml">
        <acl entries="0" version="1"/>
    </resource>
    <resource type="XMLResource" name="container-overview.html" skip="no" owner="admin" group="dba" mode="775" created="2016-01-06T15:49:56.147-04:00" modified="2016-01-06T15:49:56.147-04:00" filename="container-overview.html" mimetype="text/html">
        <acl entries="0" version="1"/>
    </resource>
    <resource type="BinaryResource" name="reference.css" skip="no" owner="admin" group="dba" mode="775" created="2016-01-06T15:49:56.15-04:00" modified="2016-01-06T15:49:56.15-04:00" filename="reference.css" mimetype="text/css">
        <acl entries="0" version="1"/>
    </resource>
    <resource type="XMLResource" name="AlertDefault.xhtml" skip="no" owner="admin" group="dba" mode="775" created="2016-01-06T15:49:56.15-04:00" modified="2016-01-06T15:49:56.15-04:00" filename="AlertDefault.xhtml" mimetype="application/xhtml+xml">
        <acl entries="0" version="1"/>
    </resource>
    <resource type="XMLResource" name="SelectCheckboxes.xhtml" skip="no" owner="admin" group="dba" mode="775" created="2016-01-06T15:49:56.157-04:00" modified="2016-01-06T15:49:56.157-04:00" filename="SelectCheckboxes.xhtml" mimetype="application/xhtml+xml">
        <acl entries="0" version="1"/>
    </resource>
    <resource type="XMLResource" name="TriggerButton.xhtml" skip="no" owner="admin" group="dba" mode="775" created="2016-01-06T15:49:56.165-04:00" modified="2016-01-06T15:49:56.165-04:00" filename="TriggerButton.xhtml" mimetype="application/xhtml+xml">
        <acl entries="0" version="1"/>
    </resource>
    <resource type="XMLResource" name="SwitchTabContainer.xhtml" skip="no" owner="admin" group="dba" mode="775" created="2016-01-06T15:49:56.172-04:00" modified="2016-01-06T15:49:56.172-04:00" filename="SwitchTabContainer.xhtml" mimetype="application/xhtml+xml">
        <acl entries="0" version="1"/>
    </resource>
    <resource type="XMLResource" name="InputCalendarWithDatePattern.xhtml" skip="no" owner="admin" group="dba" mode="775" created="2016-01-06T15:49:56.179-04:00" modified="2016-01-06T15:49:56.179-04:00" filename="InputCalendarWithDatePattern.xhtml" mimetype="application/xhtml+xml">
        <acl entries="0" version="1"/>
    </resource>
    <resource type="XMLResource" name="InputTextHintHelp.xhtml" skip="no" owner="admin" group="dba" mode="775" created="2016-01-06T15:49:56.189-04:00" modified="2016-01-06T15:49:56.189-04:00" filename="InputTextHintHelp.xhtml" mimetype="application/xhtml+xml">
        <acl entries="0" version="1"/>
    </resource>
    <resource type="XMLResource" name="OutputHTML.xhtml" skip="no" owner="admin" group="dba" mode="775" created="2016-01-06T15:49:56.199-04:00" modified="2016-01-06T15:49:56.199-04:00" filename="OutputHTML.xhtml" mimetype="application/xhtml+xml">
        <acl entries="0" version="1"/>
    </resource>
    <resource type="XMLResource" name="AlertTooltip.xhtml" skip="no" owner="admin" group="dba" mode="775" created="2016-01-06T15:49:56.208-04:00" modified="2016-01-06T15:49:56.208-04:00" filename="AlertTooltip.xhtml" mimetype="application/xhtml+xml">
        <acl entries="0" version="1"/>
    </resource>
    <resource type="XMLResource" name="Dialog.xhtml" skip="no" owner="admin" group="dba" mode="775" created="2016-01-06T15:49:56.214-04:00" modified="2016-01-06T15:49:56.214-04:00" filename="Dialog.xhtml" mimetype="application/xhtml+xml">
        <acl entries="0" version="1"/>
    </resource>
    <resource type="XMLResource" name="TextareaHTML.xhtml" skip="no" owner="admin" group="dba" mode="775" created="2016-01-06T15:49:56.221-04:00" modified="2016-01-06T15:49:56.221-04:00" filename="TextareaHTML.xhtml" mimetype="application/xhtml+xml">
        <acl entries="0" version="1"/>
    </resource>
    <resource type="XMLResource" name="RangeRating.xhtml" skip="no" owner="admin" group="dba" mode="775" created="2016-01-06T15:49:56.229-04:00" modified="2016-01-06T15:49:56.229-04:00" filename="RangeRating.xhtml" mimetype="application/xhtml+xml">
        <acl entries="0" version="1"/>
    </resource>
    <resource type="XMLResource" name="AVTThemeSwitcher.xhtml" skip="no" owner="admin" group="dba" mode="775" created="2016-01-06T15:49:56.237-04:00" modified="2016-01-06T15:49:56.237-04:00" filename="AVTThemeSwitcher.xhtml" mimetype="application/xhtml+xml">
        <acl entries="0" version="1"/>
    </resource>
    <resource type="XMLResource" name="RepeatTable.xhtml" skip="no" owner="admin" group="dba" mode="775" created="2016-01-06T15:49:56.243-04:00" modified="2016-01-06T15:49:56.243-04:00" filename="RepeatTable.xhtml" mimetype="application/xhtml+xml">
        <acl entries="0" version="1"/>
    </resource>
    <resource type="XMLResource" name="GroupFull.xhtml" skip="no" owner="admin" group="dba" mode="775" created="2016-01-06T15:49:56.251-04:00" modified="2016-01-06T15:49:56.251-04:00" filename="GroupFull.xhtml" mimetype="application/xhtml+xml">
        <acl entries="0" version="1"/>
    </resource>
    <resource type="XMLResource" name="RangeSlider.xhtml" skip="no" owner="admin" group="dba" mode="775" created="2016-01-06T15:49:56.26-04:00" modified="2016-01-06T15:49:56.26-04:00" filename="RangeSlider.xhtml" mimetype="application/xhtml+xml">
        <acl entries="0" version="1"/>
    </resource>
    <resource type="XMLResource" name="TriggerLink.xhtml" skip="no" owner="admin" group="dba" mode="775" created="2016-01-06T15:49:56.267-04:00" modified="2016-01-06T15:49:56.267-04:00" filename="TriggerLink.xhtml" mimetype="application/xhtml+xml">
        <acl entries="0" version="1"/>
    </resource>
    <resource type="XMLResource" name="InputCheckbox.xhtml" skip="no" owner="admin" group="dba" mode="775" created="2016-01-06T15:49:56.273-04:00" modified="2016-01-06T15:49:56.273-04:00" filename="InputCheckbox.xhtml" mimetype="application/xhtml+xml">
        <acl entries="0" version="1"/>
    </resource>
    <resource type="XMLResource" name="TriggerCSSImage.xhtml" skip="no" owner="admin" group="dba" mode="775" created="2016-01-06T15:49:56.281-04:00" modified="2016-01-06T15:49:56.281-04:00" filename="TriggerCSSImage.xhtml" mimetype="application/xhtml+xml">
        <acl entries="0" version="1"/>
    </resource>
    <resource type="XMLResource" name="InputCalendar.xhtml" skip="no" owner="admin" group="dba" mode="775" created="2016-01-06T15:49:56.289-04:00" modified="2016-01-06T15:49:56.289-04:00" filename="InputCalendar.xhtml" mimetype="application/xhtml+xml">
        <acl entries="0" version="1"/>
    </resource>
    <subcollection name="images" filename="images"/>
    <subcollection name="resources" filename="resources"/>
</collection>