<collection xmlns="http://exist.sourceforge.net/NS/exist" name="/db/apps/demo/examples/templating" version="1" owner="demo" group="demo" mode="775" created="2016-01-06T15:49:56.882-04:00">
    <acl entries="0" version="1"/>
    <resource type="XMLResource" name="restxq-page.html" skip="no" owner="demo" group="demo" mode="775" created="2016-01-06T15:49:56.882-04:00" modified="2016-01-06T15:49:56.882-04:00" filename="restxq-page.html" mimetype="text/html">
        <acl entries="0" version="1"/>
    </resource>
    <resource type="XMLResource" name="templates.html" skip="no" owner="demo" group="demo" mode="775" created="2016-01-06T15:49:56.886-04:00" modified="2016-01-06T15:49:56.886-04:00" filename="templates.html" mimetype="text/html">
        <acl entries="0" version="1"/>
    </resource>
    <resource type="BinaryResource" name="examples.xql" skip="no" owner="demo" group="demo" mode="775" created="2016-01-06T15:49:56.892-04:00" modified="2016-01-06T15:49:56.892-04:00" filename="examples.xql" mimetype="application/xquery">
        <acl entries="0" version="1"/>
    </resource>
    <resource type="BinaryResource" name="restxq-demo.xql" skip="no" owner="demo" group="demo" mode="775" created="2016-01-06T15:49:56.906-04:00" modified="2016-01-06T15:49:56.906-04:00" filename="restxq-demo.xql" mimetype="application/xquery">
        <acl entries="0" version="1"/>
    </resource>
</collection>