<collection xmlns="http://exist.sourceforge.net/NS/exist" name="/db/apps/laceApp" version="1" owner="admin" group="dba" mode="755" created="2016-01-08T11:07:01.446-04:00">
    <acl entries="0" version="1"/>
    <resource type="BinaryResource" name="updateWord.xq" skip="no" owner="admin" group="dba" mode="755" created="2016-01-08T11:08:16.799-04:00" modified="2016-03-14T10:32:35.094-03:00" filename="updateWord.xq" mimetype="application/xquery">
        <acl entries="0" version="1"/>
    </resource>
    <resource type="BinaryResource" name="addManuallyVerifiedAttr.xq" skip="no" owner="admin" group="laceUser" mode="755" created="2016-02-22T22:02:57.811-04:00" modified="2016-04-02T17:43:32.422-03:00" filename="addManuallyVerifiedAttr.xq" mimetype="application/xquery">
        <acl entries="0" version="1"/>
    </resource>
    <resource type="BinaryResource" name="listResources.xq" skip="no" owner="admin" group="dba" mode="755" created="2016-01-08T11:07:20.458-04:00" modified="2016-01-08T11:07:20.458-04:00" filename="listResources.xq" mimetype="application/xquery">
        <acl entries="0" version="1"/>
    </resource>
    <resource type="BinaryResource" name="getFile.xq" skip="no" owner="admin" group="dba" mode="755" created="2016-01-22T16:01:03.043-04:00" modified="2016-01-23T10:04:04.26-04:00" filename="getFile.xq" mimetype="application/xquery">
        <acl entries="0" version="1"/>
    </resource>
    <resource type="BinaryResource" name="findText.xq" skip="no" owner="admin" group="dba" mode="755" created="2016-02-13T11:01:12.955-04:00" modified="2016-03-25T17:40:14.962-03:00" filename="findText.xq" mimetype="application/xquery">
        <acl entries="0" version="1"/>
    </resource>
    <resource type="BinaryResource" name="addLineBelow.xq" skip="no" owner="admin" group="dba" mode="755" created="2016-02-18T14:07:27.479-04:00" modified="2016-03-29T13:37:37.232-03:00" filename="addLineBelow.xq" mimetype="application/xquery">
        <acl entries="0" version="1"/>
    </resource>
    <resource type="BinaryResource" name="updateMany.xq" skip="no" owner="admin" group="laceUser" mode="755" created="2016-03-25T17:26:13.764-03:00" modified="2016-03-26T17:19:00.528-03:00" filename="updateMany.xq" mimetype="application/xquery">
        <acl entries="0" version="1"/>
    </resource>
    <resource type="BinaryResource" name="addOriginalFormAttribute.xq" skip="no" owner="admin" group="laceUser" mode="755" created="2016-03-28T16:22:17.857-03:00" modified="2016-03-28T16:22:17.857-03:00" filename="addOriginalFormAttribute.xq" mimetype="application/xquery">
        <acl entries="0" version="1"/>
    </resource>
    <resource type="BinaryResource" name="listCompletedPages.xq" skip="no" owner="admin" group="dba" mode="755" created="2016-02-07T21:11:59.356-04:00" modified="2016-02-19T10:55:43.041-04:00" filename="listCompletedPages.xq" mimetype="application/xquery">
        <acl entries="0" version="1"/>
    </resource>
</collection>