<?xml version="1.0" encoding="UTF-8"?>
<meta xmlns="http://exist-db.org/xquery/repo"><description>An application for monitoring, profiling and inspecting a running eXist-db instance.</description><author>Wolfgang Meier</author><author>Joe Wicentowski</author><author>Lars Windauer</author><website/><status>alpha</status><license>GNU-LGPL</license><copyright>true</copyright><type>application</type><target>monex</target><prepare>pre-install.xql</prepare><finish>post-install.xql</finish><permissions xmlns:repo="http://exist-db.org/xquery/repo" user="monex" group="monex" mode="rw-rw-r--"/><changelog><change version="0.5"><ul xmlns="http://www.w3.org/1999/xhtml"><li>New function console:dump prints all variables in the local variable stack, which are visible at the point the statement appears in the code.</li><li>Info popup in remote console causes browser display issues.</li></ul></change><change version="0.4"><ul xmlns="http://www.w3.org/1999/xhtml"><li>Send alerts only to receivers watching the affected instance</li><li>Store last ping status in db; send alerts only if status changed</li></ul></change></changelog><deployed>2016-01-06T15:50:07.856-04:00</deployed></meta>