<collection xmlns="http://exist.sourceforge.net/NS/exist" name="/db/apps/dashboard" version="1" owner="admin" group="dba" mode="775" created="2016-01-06T15:49:56.426-04:00">
    <acl entries="0" version="1"/>
    <resource type="BinaryResource" name="icon.png" skip="no" owner="admin" group="dba" mode="775" created="2016-01-06T15:49:56.427-04:00" modified="2016-01-06T15:49:56.427-04:00" filename="icon.png" mimetype="image/png">
        <acl entries="0" version="1"/>
    </resource>
    <resource type="XMLResource" name="index.html" skip="no" owner="admin" group="dba" mode="775" created="2016-01-06T15:49:56.427-04:00" modified="2016-01-06T15:49:56.427-04:00" filename="index.html" mimetype="text/html">
        <acl entries="0" version="1"/>
    </resource>
    <resource type="BinaryResource" name="pre-install.xql" skip="no" owner="admin" group="dba" mode="775" created="2016-01-06T15:49:56.431-04:00" modified="2016-01-06T15:49:56.431-04:00" filename="pre-install.xql" mimetype="application/xquery">
        <acl entries="0" version="1"/>
    </resource>
    <resource type="XMLResource" name="error-page.html" skip="no" owner="admin" group="dba" mode="775" created="2016-01-06T15:49:56.431-04:00" modified="2016-01-06T15:49:56.431-04:00" filename="error-page.html" mimetype="text/html">
        <acl entries="0" version="1"/>
    </resource>
    <resource type="XMLResource" name="configuration.xml" skip="no" owner="admin" group="dba" mode="775" created="2016-01-06T15:49:56.433-04:00" modified="2016-01-06T15:49:56.433-04:00" filename="configuration.xml" mimetype="application/xml">
        <acl entries="0" version="1"/>
    </resource>
    <resource type="BinaryResource" name="controller.xql" skip="no" owner="admin" group="dba" mode="775" created="2016-01-06T15:49:56.434-04:00" modified="2016-01-06T15:49:56.434-04:00" filename="controller.xql" mimetype="application/xquery">
        <acl entries="0" version="1"/>
    </resource>
    <resource type="BinaryResource" name="Readme.md" skip="no" owner="admin" group="dba" mode="775" created="2016-01-06T15:49:56.435-04:00" modified="2016-01-06T15:49:56.435-04:00" filename="Readme.md" mimetype="text/x-markdown">
        <acl entries="0" version="1"/>
    </resource>
    <resource type="XMLResource" name="expath-pkg.xml" skip="no" owner="admin" group="dba" mode="775" created="2016-01-06T15:49:56.435-04:00" modified="2016-01-06T15:49:56.435-04:00" filename="expath-pkg.xml" mimetype="application/xml">
        <acl entries="0" version="1"/>
    </resource>
    <resource type="XMLResource" name="collection.xconf" skip="no" owner="admin" group="dba" mode="775" created="2016-01-06T15:49:56.437-04:00" modified="2016-01-06T15:49:56.437-04:00" filename="collection.xconf" mimetype="application/xml">
        <acl entries="0" version="1"/>
    </resource>
    <resource type="XMLResource" name="defaults.xml" skip="no" owner="admin" group="dba" mode="775" created="2016-01-06T15:49:56.438-04:00" modified="2016-01-06T15:49:56.438-04:00" filename="defaults.xml" mimetype="application/xml">
        <acl entries="0" version="1"/>
    </resource>
    <resource type="XMLResource" name="build.xml" skip="no" owner="admin" group="dba" mode="775" created="2016-01-06T15:49:56.443-04:00" modified="2016-01-06T15:49:56.443-04:00" filename="build.xml" mimetype="application/xml">
        <acl entries="0" version="1"/>
    </resource>
    <resource type="XMLResource" name="repo.xml" skip="no" owner="admin" group="dba" mode="775" created="2016-01-06T15:49:56.549-04:00" modified="2016-01-06T15:49:56.549-04:00" filename="repo.xml" mimetype="application/xml">
        <acl entries="0" version="1"/>
    </resource>
    <subcollection name="templates" filename="templates"/>
    <subcollection name="plugins" filename="plugins"/>
    <subcollection name="modules" filename="modules"/>
    <subcollection name="resources" filename="resources"/>
</collection>