<collection xmlns="http://exist.sourceforge.net/NS/exist" name="/db/apps/demo/examples/contacts/html" version="1" owner="demo" group="demo" mode="775" created="2016-01-06T15:49:57.432-04:00">
    <acl entries="0" version="1"/>
    <resource type="XMLResource" name="home.html" skip="no" owner="demo" group="demo" mode="775" created="2016-01-06T15:49:57.432-04:00" modified="2016-01-06T15:49:57.432-04:00" filename="home.html" mimetype="text/html">
        <acl entries="0" version="1"/>
    </resource>
    <resource type="XMLResource" name="updateContact.html" skip="no" owner="demo" group="demo" mode="775" created="2016-01-06T15:49:57.435-04:00" modified="2016-01-06T15:49:57.435-04:00" filename="updateContact.html" mimetype="text/html">
        <acl entries="0" version="1"/>
    </resource>
    <resource type="XMLResource" name="newContact.html" skip="no" owner="demo" group="demo" mode="775" created="2016-01-06T15:49:57.438-04:00" modified="2016-01-06T15:49:57.438-04:00" filename="newContact.html" mimetype="text/html">
        <acl entries="0" version="1"/>
    </resource>
    <resource type="XMLResource" name="browseContacts.html" skip="no" owner="demo" group="demo" mode="775" created="2016-01-06T15:49:57.44-04:00" modified="2016-01-06T15:49:57.44-04:00" filename="browseContacts.html" mimetype="text/html">
        <acl entries="0" version="1"/>
    </resource>
</collection>