<collection xmlns="http://exist.sourceforge.net/NS/exist" name="/db/apps/XSLTForms-Demo/data" version="1" owner="monex" group="monex" mode="775" created="2016-01-06T15:50:08.287-04:00">
    <acl entries="0" version="1"/>
    <resource type="XMLResource" name="tinymce.xml" skip="no" owner="monex" group="monex" mode="664" created="2016-01-06T15:50:08.338-04:00" modified="2016-01-06T15:50:08.338-04:00" filename="tinymce.xml" mimetype="application/xml">
        <acl entries="0" version="1"/>
    </resource>
    <resource type="XMLResource" name="colors.xml" skip="no" owner="monex" group="monex" mode="664" created="2016-01-06T15:50:08.34-04:00" modified="2016-01-06T15:50:08.34-04:00" filename="colors.xml" mimetype="application/xml">
        <acl entries="0" version="1"/>
    </resource>
    <resource type="XMLResource" name="select-multi-col.xml" skip="no" owner="monex" group="monex" mode="664" created="2016-01-06T15:50:08.341-04:00" modified="2016-01-06T15:50:08.341-04:00" filename="select-multi-col.xml" mimetype="application/xml">
        <acl entries="0" version="1"/>
    </resource>
    <resource type="XMLResource" name="wikipediasearch.xml" skip="no" owner="monex" group="monex" mode="664" created="2016-01-06T15:50:08.344-04:00" modified="2016-01-06T15:50:08.344-04:00" filename="wikipediasearch.xml" mimetype="application/xml">
        <acl entries="0" version="1"/>
    </resource>
    <resource type="XMLResource" name="tic-tac-toe.xml" skip="no" owner="monex" group="monex" mode="664" created="2016-01-06T15:50:08.346-04:00" modified="2016-01-06T15:50:08.346-04:00" filename="tic-tac-toe.xml" mimetype="application/xml">
        <acl entries="0" version="1"/>
    </resource>
    <resource type="XMLResource" name="input.xml" skip="no" owner="monex" group="monex" mode="664" created="2016-01-06T15:50:08.351-04:00" modified="2016-01-06T15:50:08.351-04:00" filename="input.xml" mimetype="application/xml">
        <acl entries="0" version="1"/>
    </resource>
    <resource type="XMLResource" name="hello.xhtml" skip="no" owner="monex" group="monex" mode="664" created="2016-01-06T15:50:08.352-04:00" modified="2016-01-06T15:50:08.352-04:00" filename="hello.xhtml" mimetype="application/xhtml+xml">
        <acl entries="0" version="1"/>
    </resource>
    <resource type="XMLResource" name="examples.xml" skip="no" owner="monex" group="monex" mode="664" created="2016-01-06T15:50:08.353-04:00" modified="2016-01-06T15:50:08.353-04:00" filename="examples.xml" mimetype="application/xml">
        <acl entries="0" version="1"/>
    </resource>
    <resource type="XMLResource" name="counties.xml" skip="no" owner="monex" group="monex" mode="664" created="2016-01-06T15:50:08.358-04:00" modified="2016-01-06T15:50:08.358-04:00" filename="counties.xml" mimetype="application/xml">
        <acl entries="0" version="1"/>
    </resource>
    <resource type="XMLResource" name="balance.xml" skip="no" owner="monex" group="monex" mode="664" created="2016-01-06T15:50:08.364-04:00" modified="2016-01-06T15:50:08.364-04:00" filename="balance.xml" mimetype="application/xml">
        <acl entries="0" version="1"/>
    </resource>
    <resource type="XMLResource" name="select1-drop.xml" skip="no" owner="monex" group="monex" mode="664" created="2016-01-06T15:50:08.368-04:00" modified="2016-01-06T15:50:08.368-04:00" filename="select1-drop.xml" mimetype="application/xml">
        <acl entries="0" version="1"/>
    </resource>
    <resource type="XMLResource" name="secret.xhtml" skip="no" owner="monex" group="monex" mode="664" created="2016-01-06T15:50:08.37-04:00" modified="2016-01-06T15:50:08.37-04:00" filename="secret.xhtml" mimetype="application/xhtml+xml">
        <acl entries="0" version="1"/>
    </resource>
    <resource type="XMLResource" name="select1.xml" skip="no" owner="monex" group="monex" mode="664" created="2016-01-06T15:50:08.371-04:00" modified="2016-01-06T15:50:08.371-04:00" filename="select1.xml" mimetype="application/xml">
        <acl entries="0" version="1"/>
    </resource>
    <resource type="XMLResource" name="uploads.xml" skip="no" owner="monex" group="monex" mode="664" created="2016-01-06T15:50:08.372-04:00" modified="2016-01-06T15:50:08.372-04:00" filename="uploads.xml" mimetype="application/xml">
        <acl entries="0" version="1"/>
    </resource>
    <resource type="XMLResource" name="button.xml" skip="no" owner="monex" group="monex" mode="664" created="2016-01-06T15:50:08.374-04:00" modified="2016-01-06T15:50:08.374-04:00" filename="button.xml" mimetype="application/xml">
        <acl entries="0" version="1"/>
    </resource>
    <resource type="XMLResource" name="gantt.xml" skip="no" owner="monex" group="monex" mode="664" created="2016-01-06T15:50:08.375-04:00" modified="2016-01-06T15:50:08.375-04:00" filename="gantt.xml" mimetype="application/xml">
        <acl entries="0" version="1"/>
    </resource>
    <resource type="XMLResource" name="select-model.xml" skip="no" owner="monex" group="monex" mode="664" created="2016-01-06T15:50:08.385-04:00" modified="2016-01-06T15:50:08.385-04:00" filename="select-model.xml" mimetype="application/xml">
        <acl entries="0" version="1"/>
    </resource>
    <resource type="XMLResource" name="bind.xhtml" skip="no" owner="monex" group="monex" mode="664" created="2016-01-06T15:50:08.386-04:00" modified="2016-01-06T15:50:08.386-04:00" filename="bind.xhtml" mimetype="application/xhtml+xml">
        <acl entries="0" version="1"/>
    </resource>
    <resource type="XMLResource" name="checkbox.xml" skip="no" owner="monex" group="monex" mode="664" created="2016-01-06T15:50:08.388-04:00" modified="2016-01-06T15:50:08.388-04:00" filename="checkbox.xml" mimetype="application/xml">
        <acl entries="0" version="1"/>
    </resource>
    <resource type="XMLResource" name="first-field.xml" skip="no" owner="monex" group="monex" mode="664" created="2016-01-06T15:50:08.389-04:00" modified="2016-01-06T15:50:08.389-04:00" filename="first-field.xml" mimetype="application/xml">
        <acl entries="0" version="1"/>
    </resource>
    <resource type="XMLResource" name="survey.xml" skip="no" owner="monex" group="monex" mode="664" created="2016-01-06T15:50:08.39-04:00" modified="2016-01-06T15:50:08.39-04:00" filename="survey.xml" mimetype="application/xml">
        <acl entries="0" version="1"/>
    </resource>
    <resource type="XMLResource" name="bookmarks.xml" skip="no" owner="monex" group="monex" mode="664" created="2016-01-06T15:50:08.395-04:00" modified="2016-01-06T15:50:08.395-04:00" filename="bookmarks.xml" mimetype="application/xml">
        <acl entries="0" version="1"/>
    </resource>
    <resource type="XMLResource" name="incremental.xhtml" skip="no" owner="monex" group="monex" mode="664" created="2016-01-06T15:50:08.398-04:00" modified="2016-01-06T15:50:08.398-04:00" filename="incremental.xhtml" mimetype="application/xhtml+xml">
        <acl entries="0" version="1"/>
    </resource>
    <resource type="XMLResource" name="cascading-selects.xhtml" skip="no" owner="monex" group="monex" mode="664" created="2016-01-06T15:50:08.401-04:00" modified="2016-01-06T15:50:08.401-04:00" filename="cascading-selects.xhtml" mimetype="application/xhtml+xml">
        <acl entries="0" version="1"/>
    </resource>
    <resource type="XMLResource" name="spreadsheet.xml" skip="no" owner="monex" group="monex" mode="664" created="2016-01-06T15:50:08.403-04:00" modified="2016-01-06T15:50:08.403-04:00" filename="spreadsheet.xml" mimetype="application/xml">
        <acl entries="0" version="1"/>
    </resource>
    <resource type="XMLResource" name="contact.xml" skip="no" owner="monex" group="monex" mode="664" created="2016-01-06T15:50:08.287-04:00" modified="2016-01-06T15:50:08.287-04:00" filename="contact.xml" mimetype="application/xml">
        <acl entries="0" version="1"/>
    </resource>
    <resource type="XMLResource" name="piechart.xml" skip="no" owner="monex" group="monex" mode="664" created="2016-01-06T15:50:08.29-04:00" modified="2016-01-06T15:50:08.29-04:00" filename="piechart.xml" mimetype="application/xml">
        <acl entries="0" version="1"/>
    </resource>
    <resource type="XMLResource" name="hello2.xml" skip="no" owner="monex" group="monex" mode="664" created="2016-01-06T15:50:08.293-04:00" modified="2016-01-06T15:50:08.293-04:00" filename="hello2.xml" mimetype="application/xml">
        <acl entries="0" version="1"/>
    </resource>
    <resource type="XMLResource" name="flags.xml" skip="no" owner="monex" group="monex" mode="664" created="2016-01-06T15:50:08.295-04:00" modified="2016-01-06T15:50:08.295-04:00" filename="flags.xml" mimetype="application/xml">
        <acl entries="0" version="1"/>
    </resource>
    <resource type="XMLResource" name="deep-copy.xml" skip="no" owner="monex" group="monex" mode="664" created="2016-01-06T15:50:08.297-04:00" modified="2016-01-06T15:50:08.297-04:00" filename="deep-copy.xml" mimetype="application/xml">
        <acl entries="0" version="1"/>
    </resource>
    <resource type="XMLResource" name="textarea.xml" skip="no" owner="monex" group="monex" mode="664" created="2016-01-06T15:50:08.299-04:00" modified="2016-01-06T15:50:08.299-04:00" filename="textarea.xml" mimetype="application/xml">
        <acl entries="0" version="1"/>
    </resource>
    <resource type="XMLResource" name="address.xhtml" skip="no" owner="monex" group="monex" mode="664" created="2016-01-06T15:50:08.301-04:00" modified="2016-01-06T15:50:08.301-04:00" filename="address.xhtml" mimetype="application/xhtml+xml">
        <acl entries="0" version="1"/>
    </resource>
    <resource type="XMLResource" name="writers.xml" skip="no" owner="monex" group="monex" mode="664" created="2016-01-06T15:50:08.304-04:00" modified="2016-01-06T15:50:08.304-04:00" filename="writers.xml" mimetype="application/xml">
        <acl entries="0" version="1"/>
    </resource>
    <resource type="XMLResource" name="XMLSchemaTypeCode.xml" skip="no" owner="monex" group="monex" mode="664" created="2016-01-06T15:50:08.307-04:00" modified="2016-01-06T15:50:08.307-04:00" filename="XMLSchemaTypeCode.xml" mimetype="application/xml">
        <acl entries="0" version="1"/>
    </resource>
    <resource type="XMLResource" name="calculator.xml" skip="no" owner="monex" group="monex" mode="664" created="2016-01-06T15:50:08.31-04:00" modified="2016-01-06T15:50:08.31-04:00" filename="calculator.xml" mimetype="application/xml">
        <acl entries="0" version="1"/>
    </resource>
    <resource type="XMLResource" name="xforms-example-hello2.xml" skip="no" owner="monex" group="monex" mode="664" created="2016-01-06T15:50:08.316-04:00" modified="2016-01-06T15:50:08.316-04:00" filename="xforms-example-hello2.xml" mimetype="application/xml">
        <acl entries="0" version="1"/>
    </resource>
    <resource type="XMLResource" name="flag.svg" skip="no" owner="monex" group="monex" mode="664" created="2016-01-06T15:50:08.317-04:00" modified="2016-01-06T15:50:08.317-04:00" filename="flag.svg" mimetype="image/svg+xml">
        <acl entries="0" version="1"/>
    </resource>
    <resource type="XMLResource" name="date.xml" skip="no" owner="monex" group="monex" mode="664" created="2016-01-06T15:50:08.318-04:00" modified="2016-01-06T15:50:08.318-04:00" filename="date.xml" mimetype="application/xml">
        <acl entries="0" version="1"/>
    </resource>
    <resource type="XMLResource" name="css.xml" skip="no" owner="monex" group="monex" mode="664" created="2016-01-06T15:50:08.319-04:00" modified="2016-01-06T15:50:08.319-04:00" filename="css.xml" mimetype="application/xml">
        <acl entries="0" version="1"/>
    </resource>
    <resource type="XMLResource" name="gauges.xml" skip="no" owner="monex" group="monex" mode="664" created="2016-01-06T15:50:08.32-04:00" modified="2016-01-06T15:50:08.32-04:00" filename="gauges.xml" mimetype="application/xml">
        <acl entries="0" version="1"/>
    </resource>
    <resource type="XMLResource" name="vertical-tabs.xhtml" skip="no" owner="monex" group="monex" mode="664" created="2016-01-06T15:50:08.322-04:00" modified="2016-01-06T15:50:08.322-04:00" filename="vertical-tabs.xhtml" mimetype="application/xhtml+xml">
        <acl entries="0" version="1"/>
    </resource>
    <resource type="XMLResource" name="horizontal-tabs.xhtml" skip="no" owner="monex" group="monex" mode="664" created="2016-01-06T15:50:08.324-04:00" modified="2016-01-06T15:50:08.324-04:00" filename="horizontal-tabs.xhtml" mimetype="application/xhtml+xml">
        <acl entries="0" version="1"/>
    </resource>
    <resource type="XMLResource" name="books.xml" skip="no" owner="monex" group="monex" mode="664" created="2016-01-06T15:50:08.326-04:00" modified="2016-01-06T15:50:08.326-04:00" filename="books.xml" mimetype="application/xml">
        <acl entries="0" version="1"/>
    </resource>
    <resource type="XMLResource" name="xpath.xhtml" skip="no" owner="monex" group="monex" mode="664" created="2016-01-06T15:50:08.327-04:00" modified="2016-01-06T15:50:08.327-04:00" filename="xpath.xhtml" mimetype="application/xhtml+xml">
        <acl entries="0" version="1"/>
    </resource>
    <resource type="XMLResource" name="select-from-file.xml" skip="no" owner="monex" group="monex" mode="664" created="2016-01-06T15:50:08.334-04:00" modified="2016-01-06T15:50:08.334-04:00" filename="select-from-file.xml" mimetype="application/xml">
        <acl entries="0" version="1"/>
    </resource>
    <resource type="XMLResource" name="input-width.xhtml" skip="no" owner="monex" group="monex" mode="664" created="2016-01-06T15:50:08.336-04:00" modified="2016-01-06T15:50:08.336-04:00" filename="input-width.xhtml" mimetype="application/xhtml+xml">
        <acl entries="0" version="1"/>
    </resource>
</collection>