<?xml version="1.0" encoding="UTF-8"?>
<html xmlns="http://www.w3.org/1999/xhtml" xmlns:ev="http://www.w3.org/2001/xml-events" xmlns:xf="http://www.w3.org/2002/xforms"><head><title>Bookmarks</title><meta name="description" content="Bookmarks management sample."/><meta name="keywords" content="AJAX, Javascript, Web, XForms, XSLTForms, Exemples, Samples"/><xf:model><xf:instance><bookmarks xmlns=""><section><title>Section 1</title><bookmark href="#link11">Link 11</bookmark><bookmark href="#link12">Link 12</bookmark></section><section><title>Section 2</title><bookmark href="#link21">Link 21</bookmark><bookmark href="#link22">Link 22</bookmark></section></bookmarks></xf:instance><xf:submission id="s01" method="post" show="new" replace="all" action="xsltforms/txs.php?exec=beautify.txs"><xf:message level="modeless" ev:event="xforms-submit-error">Submit error.</xf:message></xf:submission><xf:submission id="s02" method="xml-urlencoded-post" replace="none" action="xsltforms/txs.php?exec=returnasattachment.txs&amp;file=mybookmarks.xml"><xf:message level="modeless" ev:event="xforms-submit-error">Submit error.</xf:message></xf:submission></xf:model></head><body><h3>Bookmarks</h3><xf:repeat id="repeatSections" nodeset="section" appearance="full"><xf:input ref="title"><xf:label>Section</xf:label></xf:input><xf:repeat id="repeatBookmarks" nodeset="bookmark" appearance="compact"><xf:input ref="."><xf:label>Title</xf:label></xf:input><xf:input ref="@href"><xf:label>URL</xf:label></xf:input><xf:trigger><xf:label>X</xf:label><xf:delete nodeset="." at="1" ev:event="DOMActivate" if="count(nodeindex('repeatSections')/bookmark) &gt; 1"/></xf:trigger></xf:repeat><xf:trigger><xf:label>New link</xf:label><xf:insert nodeset="bookmark" at="index('repeatBookmarks')" position="after" ev:event="DOMActivate"/></xf:trigger><xf:trigger><xf:label>Delete</xf:label><xf:delete nodeset="." at="1" ev:event="DOMActivate" if="count(//section) &gt; 1"/></xf:trigger></xf:repeat><xf:trigger><xf:label>New Section</xf:label><xf:insert nodeset="section" at="last()" position="after" ev:event="DOMActivate"/></xf:trigger>
        <!--<xf:submit submission="s01">
            <xf:label>View</xf:label>
        </xf:submit>-->
        <!--<xf:submit submission="s02">
            <xf:label>Save As</xf:label>
        </xf:submit>--><xf:trigger><xf:label>Reset</xf:label><xf:reset ev:event="DOMActivate"/></xf:trigger></body></html>