<?xml version="1.0" encoding="UTF-8"?>
<CodeTable><DataElementName>MNCountyCode</DataElementName><EnumeratedValues><Item><Label>Aitkin</Label><Value>aitkin</Value></Item><Item><Label>Anoka</Label><Value>anoka</Value></Item><Item><Label>Becker</Label><Value>becker</Value></Item><Item><Label>Beltrami</Label><Value>beltrami</Value></Item><Item><Label>Benton</Label><Value>benton</Value></Item><Item><Label>Big Stone</Label><Value>big-stone</Value></Item><Item><Label>Blue Earth</Label><Value>blue-earth</Value></Item><Item><Label>Brown</Label><Value>brown</Value></Item><Item><Label>Carlton</Label><Value>carlton</Value></Item><Item><Label>Carver</Label><Value>carver</Value></Item><Item><Label>Cass</Label><Value>cass</Value></Item><Item><Label>Chippewa</Label><Value>chippewa</Value></Item><Item><Label>Chisago</Label><Value>chisago</Value></Item><Item><Label>Clay</Label><Value>clay</Value></Item><Item><Label>Clearwater</Label><Value>clearwater</Value></Item><Item><Label>Cook</Label><Value>cook</Value></Item><Item><Label>Cottonwood</Label><Value>cottonwood</Value></Item><Item><Label>Crow Wing</Label><Value>crow-wing</Value></Item><Item><Label>Dakota</Label><Value>dakota</Value></Item><Item><Label>Dodge</Label><Value>dodge</Value></Item><Item><Label>Douglas</Label><Value>douglas</Value></Item><Item><Label>Faribault</Label><Value>faribault</Value></Item><Item><Label>Fillmore</Label><Value>fillmore</Value></Item><Item><Label>Freeborn</Label><Value>freeborn</Value></Item><Item><Label>Goodhue</Label><Value>goodhue</Value></Item><Item><Label>Grant</Label><Value>grant</Value></Item><Item><Label>Hennepin</Label><Value>hennepin</Value></Item><Item><Label>Houston</Label><Value>houston</Value></Item><Item><Label>Hubbard</Label><Value>hubbard</Value></Item><Item><Label>Isanti</Label><Value>isanti</Value></Item><Item><Label>Itasca</Label><Value>itasca</Value></Item><Item><Label>Jackson</Label><Value>jackson</Value></Item><Item><Label>Kanabec</Label><Value>kanabec</Value></Item><Item><Label>Kandiyohi</Label><Value>kandiyohi</Value></Item><Item><Label>Kittson</Label><Value>kittson</Value></Item><Item><Label>Koochiching</Label><Value>koochiching</Value></Item><Item><Label>Lac Qui Parle</Label><Value>lac-qui-parle</Value></Item><Item><Label>Lake</Label><Value>lake</Value></Item><Item><Label>Lake of the Woods</Label><Value>lake-of-the-woods</Value></Item><Item><Label>Lesueur</Label><Value>lesueur</Value></Item><Item><Label>Lincoln</Label><Value>lincoln</Value></Item><Item><Label>Lyon</Label><Value>lyon</Value></Item><Item><Label>Mahnomen</Label><Value>mahnomen</Value></Item><Item><Label>Marshall</Label><Value>marshall</Value></Item><Item><Label>Martin</Label><Value>martin</Value></Item><Item><Label>McLeod</Label><Value>mcleod</Value></Item><Item><Label>Meeker</Label><Value>meeker</Value></Item><Item><Label>Mille Lacs</Label><Value>mille-lacs</Value></Item><Item><Label>Morrison</Label><Value>morrison</Value></Item><Item><Label>Mower</Label><Value>mower</Value></Item><Item><Label>Murray</Label><Value>murray</Value></Item><Item><Label>Nicollet</Label><Value>nicollet</Value></Item><Item><Label>Nobles</Label><Value>nobles</Value></Item><Item><Label>Norman</Label><Value>norman</Value></Item><Item><Label>Olmsted</Label><Value>olmsted</Value></Item><Item><Label>Otter Tail</Label><Value>otter-tail</Value></Item><Item><Label>Pennington</Label><Value>pennington</Value></Item><Item><Label>Pine</Label><Value>pine</Value></Item><Item><Label>Pipestone</Label><Value>pipestone</Value></Item><Item><Label>Polk</Label><Value>polk</Value></Item><Item><Label>Pope</Label><Value>pope</Value></Item><Item><Label>Ramsey</Label><Value>ramsey</Value></Item><Item><Label>Red Lake</Label><Value>red-lake</Value></Item><Item><Label>Redwood</Label><Value>redwood</Value></Item><Item><Label>Renville</Label><Value>renville</Value></Item><Item><Label>Rice</Label><Value>rice</Value></Item><Item><Label>Rock</Label><Value>rock</Value></Item><Item><Label>Roseau</Label><Value>roseau</Value></Item><Item><Label>Saint Louis</Label><Value>saint-louis</Value></Item><Item><Label>Scott</Label><Value>scott</Value></Item><Item><Label>Sherburne</Label><Value>sherburne</Value></Item><Item><Label>Sibley</Label><Value>sibley</Value></Item><Item><Label>Stearns</Label><Value>stearns</Value></Item><Item><Label>Steele</Label><Value>steele</Value></Item><Item><Label>Stevens</Label><Value>stevens</Value></Item><Item><Label>Swift</Label><Value>swift</Value></Item><Item><Label>Todd</Label><Value>todd</Value></Item><Item><Label>Traverse</Label><Value>traverse</Value></Item><Item><Label>Wabasha</Label><Value>wabasha</Value></Item><Item><Label>Wadena</Label><Value>wadena</Value></Item><Item><Label>Waseca</Label><Value>waseca</Value></Item><Item><Label>Washington</Label><Value>washington</Value></Item><Item><Label>Watonwan</Label><Value>watonwan</Value></Item><Item><Label>Wilkin</Label><Value>wilkin</Value></Item><Item><Label>Winona</Label><Value>winona</Value></Item><Item><Label>Wright</Label><Value>wright</Value></Item><Item><Label>Yellow Medicine</Label><Value>yellow-medicine</Value></Item></EnumeratedValues></CodeTable>