<?xml version="1.0" encoding="UTF-8"?>
<XMLSchemaTypeCode><label>XML Schema Type:</label><item><label>Date and Time</label><value>dateTime</value></item><item><label>Time (HH:MM:SS-06:00)</label><value>time</value></item><item><label>Date (yyyy-mm-dd)</label><value>date</value></item><item><label>Year and Month</label><value>gYearMonth</value></item><item><label>Year (nnnn)</label><value>gYear</value></item><item><label>Month and Day</label><value>gMonthDay</value></item><item><label>Day of Month (1 .. 31)</label><value>gDay</value></item><item><label>Month (1 .. 12)</label><value>gMonth</value></item><item><label>String</label><value>string</value></item><item><label>Boolean (true/false)</label><value>boolean</value></item><item><label>Base 64 Binary</label><value>base64Binary</value></item><item><label>Decimal (0.00)</label><value>decimal</value></item><item><label>Any URI</label><value>anyURI</value></item><item><label>Integer (...,-2,-1,0,1,2,...)</label><value>integer</value></item><item><label>Non-Positive Integer (...,-2,-1,0)</label><value>nonPositiveInteger</value></item><item><label>Negative Integer (...,-2,-1)</label><value>negativeInteger</value></item><item><label>Long (-9,223,372T .. 9,223,372T)</label><value>long</value></item><item><label>Int (-2,147,483,648 .. 2,147,483,647)</label><value>int</value></item><item><label>Short (-32,768 .. 32,767)</label><value>short</value></item><item><label>Byte (-128 .. 127)</label><value>byte</value></item><item><label>Non-negative Integer (0..N)</label><value>nonNegativeInteger</value></item><item><label>Positive Integer (1..N)</label><value>positiveInteger</value></item><item><label>Unsigned Long (0 .. 18,446,744T)</label><value>unsignedLong</value></item><item><label>Unsigned Int (0 .. 4,294,967,295)</label><value>unsignedInt</value></item><item><label>Unsigned Short (0.. 65,535)</label><value>unsignedShort</value></item><item><label>Unsigned Byte (0..255)</label><value>unsignedByte</value></item></XMLSchemaTypeCode>