<collection xmlns="http://exist.sourceforge.net/NS/exist" name="/db/apps/XSLTForms-Demo/modules" version="1" owner="monex" group="monex" mode="775" created="2016-01-06T15:50:08.406-04:00">
    <acl entries="0" version="1"/>
    <resource type="BinaryResource" name="config.xqm" skip="no" owner="monex" group="monex" mode="775" created="2016-01-06T15:50:08.406-04:00" modified="2016-01-06T15:50:08.406-04:00" filename="config.xqm" mimetype="application/xquery">
        <acl entries="0" version="1"/>
    </resource>
    <resource type="BinaryResource" name="form.xq" skip="no" owner="monex" group="monex" mode="775" created="2016-01-06T15:50:08.42-04:00" modified="2016-01-06T15:50:08.42-04:00" filename="form.xq" mimetype="application/xquery">
        <acl entries="0" version="1"/>
    </resource>
    <resource type="BinaryResource" name="view.xql" skip="no" owner="monex" group="monex" mode="775" created="2016-01-06T15:50:08.456-04:00" modified="2016-01-06T15:50:08.456-04:00" filename="view.xql" mimetype="application/xquery">
        <acl entries="0" version="1"/>
    </resource>
    <resource type="BinaryResource" name="app.xql" skip="no" owner="monex" group="monex" mode="775" created="2016-01-06T15:50:08.604-04:00" modified="2016-01-06T15:50:08.604-04:00" filename="app.xql" mimetype="application/xquery">
        <acl entries="0" version="1"/>
    </resource>
</collection>