<collection xmlns="http://exist.sourceforge.net/NS/exist" name="/db/apps/demo/modules" version="1" owner="demo" group="demo" mode="775" created="2016-01-06T15:49:59.863-04:00">
    <acl entries="0" version="1"/>
    <resource type="BinaryResource" name="demo.xql" skip="no" owner="demo" group="demo" mode="775" created="2016-01-06T15:49:59.882-04:00" modified="2016-01-06T15:49:59.882-04:00" filename="demo.xql" mimetype="application/xquery">
        <acl entries="0" version="1"/>
    </resource>
    <resource type="BinaryResource" name="cex-trigger.xql" skip="no" owner="demo" group="demo" mode="775" created="2016-01-06T15:49:59.89-04:00" modified="2016-01-06T15:49:59.89-04:00" filename="cex-trigger.xql" mimetype="application/xquery">
        <acl entries="0" version="1"/>
    </resource>
    <resource type="BinaryResource" name="config.xqm" skip="no" owner="demo" group="demo" mode="775" created="2016-01-06T15:49:59.905-04:00" modified="2016-01-06T15:49:59.905-04:00" filename="config.xqm" mimetype="application/xquery">
        <acl entries="0" version="1"/>
    </resource>
    <resource type="BinaryResource" name="view.xql" skip="no" owner="demo" group="demo" mode="775" created="2016-01-06T15:50:02.139-04:00" modified="2016-01-06T15:50:02.139-04:00" filename="view.xql" mimetype="application/xquery">
        <acl entries="0" version="1"/>
    </resource>
    <resource type="BinaryResource" name="i18n.xql" skip="no" owner="demo" group="demo" mode="775" created="2016-01-06T15:50:02.409-04:00" modified="2016-01-06T15:50:02.409-04:00" filename="i18n.xql" mimetype="application/xquery">
        <acl entries="0" version="1"/>
    </resource>
    <resource type="BinaryResource" name="cex.xql" skip="no" owner="demo" group="demo" mode="775" created="2016-01-06T15:49:59.863-04:00" modified="2016-01-06T15:49:59.863-04:00" filename="cex.xql" mimetype="application/xquery">
        <acl entries="0" version="1"/>
    </resource>
    <resource type="BinaryResource" name="i18n-templates.xql" skip="no" owner="demo" group="demo" mode="775" created="2016-01-06T15:49:59.876-04:00" modified="2016-01-06T15:49:59.876-04:00" filename="i18n-templates.xql" mimetype="application/xquery">
        <acl entries="0" version="1"/>
    </resource>
</collection>