<collection xmlns="http://exist.sourceforge.net/NS/exist" name="/db/apps/demo/data" version="1" owner="demo" group="demo" mode="775" created="2016-01-06T15:49:57.462-04:00">
    <acl entries="0" version="1"/>
    <resource type="XMLResource" name="shakes.xsl" skip="no" owner="demo" group="demo" mode="775" created="2016-01-06T15:49:57.462-04:00" modified="2016-01-06T15:49:57.462-04:00" filename="shakes.xsl" mimetype="application/xslt+xml">
        <acl entries="0" version="1"/>
    </resource>
    <resource type="XMLResource" name="macbeth.xml" skip="no" owner="demo" group="demo" mode="775" created="2016-01-06T15:49:57.469-04:00" modified="2016-01-06T15:49:57.469-04:00" filename="macbeth.xml" mimetype="application/xml">
        <acl entries="0" version="1"/>
    </resource>
    <resource type="XMLResource" name="r_and_j.xml" skip="no" owner="demo" group="demo" mode="775" created="2016-01-06T15:49:58.06-04:00" modified="2016-01-06T15:49:58.06-04:00" filename="r_and_j.xml" mimetype="application/xml">
        <acl entries="0" version="1"/>
    </resource>
    <resource type="XMLResource" name="mondial.xml" skip="no" owner="demo" group="demo" mode="775" created="2016-01-06T15:49:58.363-04:00" modified="2016-01-06T15:49:58.363-04:00" filename="mondial.xml" mimetype="application/xml">
        <acl entries="0" version="1"/>
    </resource>
    <resource type="XMLResource" name="hamlet.xml" skip="no" owner="demo" group="demo" mode="775" created="2016-01-06T15:49:59.383-04:00" modified="2016-01-06T15:49:59.383-04:00" filename="hamlet.xml" mimetype="application/xml">
        <acl entries="0" version="1"/>
    </resource>
    <subcollection name="addresses" filename="addresses"/>
    <subcollection name="binary" filename="binary"/>
    <subcollection name="i18n" filename="i18n"/>
</collection>