<collection xmlns="http://exist.sourceforge.net/NS/exist" name="/db/apps/demo/examples/contacts/js" version="1" owner="demo" group="demo" mode="775" created="2016-01-06T15:49:57.428-04:00">
    <acl entries="0" version="1"/>
    <resource type="BinaryResource" name="angular-resource.min.js" skip="no" owner="demo" group="demo" mode="775" created="2016-01-06T15:49:57.428-04:00" modified="2016-01-06T15:49:57.428-04:00" filename="angular-resource.min.js" mimetype="application/x-javascript">
        <acl entries="0" version="1"/>
    </resource>
    <resource type="BinaryResource" name="angular.min.js" skip="no" owner="demo" group="demo" mode="775" created="2016-01-06T15:49:57.429-04:00" modified="2016-01-06T15:49:57.429-04:00" filename="angular.min.js" mimetype="application/x-javascript">
        <acl entries="0" version="1"/>
    </resource>
    <resource type="BinaryResource" name="angular-route.min.js" skip="no" owner="demo" group="demo" mode="775" created="2016-01-06T15:49:57.429-04:00" modified="2016-01-06T15:49:57.429-04:00" filename="angular-route.min.js" mimetype="application/x-javascript">
        <acl entries="0" version="1"/>
    </resource>
    <resource type="BinaryResource" name="angular-animate.min.js" skip="no" owner="demo" group="demo" mode="775" created="2016-01-06T15:49:57.43-04:00" modified="2016-01-06T15:49:57.43-04:00" filename="angular-animate.min.js" mimetype="application/x-javascript">
        <acl entries="0" version="1"/>
    </resource>
    <resource type="BinaryResource" name="angular-spinner.min.js" skip="no" owner="demo" group="demo" mode="775" created="2016-01-06T15:49:57.43-04:00" modified="2016-01-06T15:49:57.43-04:00" filename="angular-spinner.min.js" mimetype="application/x-javascript">
        <acl entries="0" version="1"/>
    </resource>
    <resource type="BinaryResource" name="spin.min.js" skip="no" owner="demo" group="demo" mode="775" created="2016-01-06T15:49:57.43-04:00" modified="2016-01-06T15:49:57.43-04:00" filename="spin.min.js" mimetype="application/x-javascript">
        <acl entries="0" version="1"/>
    </resource>
    <resource type="BinaryResource" name="app.js" skip="no" owner="demo" group="demo" mode="775" created="2016-01-06T15:49:57.431-04:00" modified="2016-01-06T15:49:57.431-04:00" filename="app.js" mimetype="application/x-javascript">
        <acl entries="0" version="1"/>
    </resource>
    <resource type="BinaryResource" name="jquery-2.1.0.min.js" skip="no" owner="demo" group="demo" mode="775" created="2016-01-06T15:49:57.431-04:00" modified="2016-01-06T15:49:57.431-04:00" filename="jquery-2.1.0.min.js" mimetype="application/x-javascript">
        <acl entries="0" version="1"/>
    </resource>
</collection>