<collection xmlns="http://exist.sourceforge.net/NS/exist" name="/db/apps/doc/modules" version="1" owner="admin" group="dba" mode="775" created="2016-01-06T15:50:05.273-04:00">
    <acl entries="0" version="1"/>
    <resource type="BinaryResource" name="diagnostics.xql" skip="no" owner="admin" group="dba" mode="775" created="2016-01-06T15:50:05.273-04:00" modified="2016-01-06T15:50:05.273-04:00" filename="diagnostics.xql" mimetype="application/xquery">
        <acl entries="0" version="1"/>
    </resource>
    <resource type="BinaryResource" name="review.xql" skip="no" owner="admin" group="dba" mode="775" created="2016-01-06T15:50:05.284-04:00" modified="2016-01-06T15:50:05.284-04:00" filename="review.xql" mimetype="application/xquery">
        <acl entries="0" version="1"/>
    </resource>
    <resource type="BinaryResource" name="config.xqm" skip="no" owner="admin" group="dba" mode="775" created="2016-01-06T15:50:05.333-04:00" modified="2016-01-06T15:50:05.333-04:00" filename="config.xqm" mimetype="application/xquery">
        <acl entries="0" version="1"/>
    </resource>
    <resource type="BinaryResource" name="search.xql" skip="no" owner="admin" group="dba" mode="775" created="2016-01-06T15:50:05.544-04:00" modified="2016-01-06T15:50:05.544-04:00" filename="search.xql" mimetype="application/xquery">
        <acl entries="0" version="1"/>
    </resource>
    <resource type="BinaryResource" name="docbook.xql" skip="no" owner="admin" group="dba" mode="775" created="2016-01-06T15:50:05.733-04:00" modified="2016-01-06T15:50:05.733-04:00" filename="docbook.xql" mimetype="application/xquery">
        <acl entries="0" version="1"/>
    </resource>
    <resource type="BinaryResource" name="view.xql" skip="no" owner="admin" group="dba" mode="775" created="2016-01-06T15:50:06.054-04:00" modified="2016-01-06T15:50:06.054-04:00" filename="view.xql" mimetype="application/xquery">
        <acl entries="0" version="1"/>
    </resource>
</collection>