<?xml version="1.0" encoding="UTF-8"?>
<meta xmlns="http://exist-db.org/xquery/repo"><description>betterFORM Demo and Reference XForms</description><author>Tobi Krebs</author><author>Robert Netzschwitz</author><author>Jörn Turner</author><author>Lars Windauer</author><website>http://www.betterfrom.de</website><version>1.3</version><status>stable</status><license>BSD License</license><copyright>true</copyright><type>application</type><target>/db/betterform</target><prepare>pre-install.xql</prepare><finish/><permissions user="admin" group="dba" mode="rwxrwxr-x"/><deployed>2016-01-06T15:49:56.361-04:00</deployed></meta>