<?xml version="1.0" encoding="UTF-8"?>
<meta xmlns="http://exist-db.org/xquery/repo"><description>A collection of examples illustrating the use of XForms with client-side XSLTForms</description><author>Alain Couthures</author><author>Jens Østergaard Petersen</author><website>http://www.agencexml.com/xsltforms</website><status>alpha</status><license>GNU-LGPL</license><copyright>true</copyright><type>application</type><target>XSLTForms-Demo</target><prepare/><finish/><deployed>2016-01-06T15:50:08.789-04:00</deployed></meta>