<collection xmlns="http://exist.sourceforge.net/NS/exist" name="/db/apps/demo/resources/images" version="1" owner="demo" group="demo" mode="775" created="2016-01-06T15:49:57.455-04:00">
    <acl entries="0" version="1"/>
    <resource type="BinaryResource" name="nav-dropdown.png" skip="no" owner="demo" group="demo" mode="775" created="2016-01-06T15:49:57.458-04:00" modified="2016-01-06T15:49:57.458-04:00" filename="nav-dropdown.png" mimetype="image/png">
        <acl entries="0" version="1"/>
    </resource>
    <resource type="BinaryResource" name="delete-icon.png" skip="no" owner="demo" group="demo" mode="775" created="2016-01-06T15:49:57.458-04:00" modified="2016-01-06T15:49:57.458-04:00" filename="delete-icon.png" mimetype="image/png">
        <acl entries="0" version="1"/>
    </resource>
    <resource type="BinaryResource" name="ajax-loader.gif" skip="no" owner="demo" group="demo" mode="775" created="2016-01-06T15:49:57.458-04:00" modified="2016-01-06T15:49:57.458-04:00" filename="ajax-loader.gif" mimetype="image/gif">
        <acl entries="0" version="1"/>
    </resource>
    <resource type="BinaryResource" name="grey-box-top.gif" skip="no" owner="demo" group="demo" mode="775" created="2016-01-06T15:49:57.459-04:00" modified="2016-01-06T15:49:57.459-04:00" filename="grey-box-top.gif" mimetype="image/gif">
        <acl entries="0" version="1"/>
    </resource>
    <resource type="BinaryResource" name="italic.gif" skip="no" owner="demo" group="demo" mode="775" created="2016-01-06T15:49:57.459-04:00" modified="2016-01-06T15:49:57.459-04:00" filename="italic.gif" mimetype="image/gif">
        <acl entries="0" version="1"/>
    </resource>
    <resource type="BinaryResource" name="glyphicons-halflings.png" skip="no" owner="demo" group="demo" mode="775" created="2016-01-06T15:49:57.459-04:00" modified="2016-01-06T15:49:57.459-04:00" filename="glyphicons-halflings.png" mimetype="image/png">
        <acl entries="0" version="1"/>
    </resource>
    <resource type="BinaryResource" name="twitter-left.gif" skip="no" owner="demo" group="demo" mode="775" created="2016-01-06T15:49:57.459-04:00" modified="2016-01-06T15:49:57.459-04:00" filename="twitter-left.gif" mimetype="image/gif">
        <acl entries="0" version="1"/>
    </resource>
    <resource type="BinaryResource" name="twitter-right.gif" skip="no" owner="demo" group="demo" mode="775" created="2016-01-06T15:49:57.46-04:00" modified="2016-01-06T15:49:57.46-04:00" filename="twitter-right.gif" mimetype="image/gif">
        <acl entries="0" version="1"/>
    </resource>
    <resource type="BinaryResource" name="twitter-rpt.gif" skip="no" owner="demo" group="demo" mode="775" created="2016-01-06T15:49:57.46-04:00" modified="2016-01-06T15:49:57.46-04:00" filename="twitter-rpt.gif" mimetype="image/gif">
        <acl entries="0" version="1"/>
    </resource>
    <resource type="BinaryResource" name="eXide-screenshot.png" skip="no" owner="demo" group="demo" mode="775" created="2016-01-06T15:49:57.46-04:00" modified="2016-01-06T15:49:57.46-04:00" filename="eXide-screenshot.png" mimetype="image/png">
        <acl entries="0" version="1"/>
    </resource>
    <resource type="BinaryResource" name="grey-box-rpt.gif" skip="no" owner="demo" group="demo" mode="775" created="2016-01-06T15:49:57.461-04:00" modified="2016-01-06T15:49:57.461-04:00" filename="grey-box-rpt.gif" mimetype="image/gif">
        <acl entries="0" version="1"/>
    </resource>
    <resource type="BinaryResource" name="grey-box-bot.gif" skip="no" owner="demo" group="demo" mode="775" created="2016-01-06T15:49:57.461-04:00" modified="2016-01-06T15:49:57.461-04:00" filename="grey-box-bot.gif" mimetype="image/gif">
        <acl entries="0" version="1"/>
    </resource>
    <resource type="BinaryResource" name="page-edit-icon.png" skip="no" owner="demo" group="demo" mode="775" created="2016-01-06T15:49:57.456-04:00" modified="2016-01-06T15:49:57.456-04:00" filename="page-edit-icon.png" mimetype="image/png">
        <acl entries="0" version="1"/>
    </resource>
    <resource type="BinaryResource" name="nav.gif" skip="no" owner="demo" group="demo" mode="775" created="2016-01-06T15:49:57.456-04:00" modified="2016-01-06T15:49:57.456-04:00" filename="nav.gif" mimetype="image/gif">
        <acl entries="0" version="1"/>
    </resource>
    <resource type="BinaryResource" name="nav-dropdown.gif" skip="no" owner="demo" group="demo" mode="775" created="2016-01-06T15:49:57.457-04:00" modified="2016-01-06T15:49:57.457-04:00" filename="nav-dropdown.gif" mimetype="image/gif">
        <acl entries="0" version="1"/>
    </resource>
    <resource type="BinaryResource" name="code.gif" skip="no" owner="demo" group="demo" mode="775" created="2016-01-06T15:49:57.457-04:00" modified="2016-01-06T15:49:57.457-04:00" filename="code.gif" mimetype="image/gif">
        <acl entries="0" version="1"/>
    </resource>
    <resource type="BinaryResource" name="bold.gif" skip="no" owner="demo" group="demo" mode="775" created="2016-01-06T15:49:57.457-04:00" modified="2016-01-06T15:49:57.457-04:00" filename="bold.gif" mimetype="image/gif">
        <acl entries="0" version="1"/>
    </resource>
</collection>