<collection xmlns="http://exist.sourceforge.net/NS/exist" name="/db/apps/demo/examples/special" version="1" owner="demo" group="demo" mode="775" created="2016-01-06T15:49:56.954-04:00">
    <acl entries="0" version="1"/>
    <resource type="XMLResource" name="index.html" skip="no" owner="demo" group="demo" mode="775" created="2016-01-06T15:49:56.954-04:00" modified="2016-01-06T15:49:56.954-04:00" filename="index.html" mimetype="text/html">
        <acl entries="0" version="1"/>
    </resource>
    <resource type="XMLResource" name="i18n.html" skip="no" owner="demo" group="demo" mode="775" created="2016-01-06T15:49:56.956-04:00" modified="2016-01-06T15:49:56.956-04:00" filename="i18n.html" mimetype="text/html">
        <acl entries="0" version="1"/>
    </resource>
    <resource type="XMLResource" name="json.html" skip="no" owner="demo" group="demo" mode="775" created="2016-01-06T15:49:56.96-04:00" modified="2016-01-06T15:49:56.96-04:00" filename="json.html" mimetype="text/html">
        <acl entries="0" version="1"/>
    </resource>
    <resource type="BinaryResource" name="json.xql" skip="no" owner="demo" group="demo" mode="775" created="2016-01-06T15:49:56.963-04:00" modified="2016-01-06T15:49:56.963-04:00" filename="json.xql" mimetype="application/xquery">
        <acl entries="0" version="1"/>
    </resource>
    <resource type="XMLResource" name="i18n-docs.html" skip="no" owner="demo" group="demo" mode="775" created="2016-01-06T15:49:56.97-04:00" modified="2016-01-06T15:49:56.97-04:00" filename="i18n-docs.html" mimetype="text/html">
        <acl entries="0" version="1"/>
    </resource>
</collection>