<?xml version="1.0" encoding="UTF-8"?>
<!-- $Id$ --><book><bookinfo><productname>eXist-db – Open Source Native XML Database</productname><title>Compression</title><date>April 2010</date><author><firstname>Loren</firstname><surname>Cahlander</surname><affiliation><address format="linespecific"><email>ixitar at users.sourceforge.net</email></address></affiliation></author></bookinfo><chapter><title>Compression</title><section><title>Introduction</title><para/></section><section><title>Glossary</title><para>This is a glossary of terms associated with versioning.</para><para><glosslist id="compression"><glossentry><glossterm/><glossdef/></glossentry></glosslist></para></section><section><title>Configuration</title><para/><section><title>Building from Source</title><para/><example><title>extensions/local.build.properties</title><programlisting><![CDATA[# Provides functions to manipulate archives, tar/zip/gzip
include.module.compression = true
]]></programlisting></example><para>This extension compiles into <emphasis role="bold"><emphasis role="italic">lib/extensions/exist-modules.jar</emphasis></emphasis>.</para></section><section><title>Enabling the Service</title><para>This service is enabled by building the feature from source as described
                above and adding:</para><example><title>conf.xml</title><programlisting format="linespecific"><markup><![CDATA[            <module class="org.exist.xquery.modules.compression.CompressionModule"
                    uri="http://exist-db.org/xquery/compression" />
]]></markup></programlisting></example><para>to <emphasis role="italic"><emphasis role="bold">conf.xml</emphasis></emphasis> within the <emphasis role="italic"><emphasis role="bold">builtin-modules</emphasis></emphasis> tag.</para></section><section><title>Disabling the Service</title><para>The only way to disable this service once it is enabled is to remove the above
                    entry in <emphasis role="bold"><emphasis role="italic">conf.xml</emphasis></emphasis> file.</para></section></section><section><title>Managing</title><para/></section></chapter></book>