<?xml version="1.0" encoding="UTF-8"?>
<!-- $Id$ --><book><bookinfo><productname>eXist-db – Open Source Native XML Database</productname><title>LDAP Security Manager</title><date>September 2009</date><author><personname><firstname>Alex</firstname><surname>Milowski</surname></personname><email>alexmilowski@users.sourceforge.net</email></author></bookinfo><chapter><title>LDAP Security Manager</title><section><para>This document has been replaced by the <ulink url="security.xml#ldap-realm">LDAP Realm</ulink>
            section of the <ulink url="security.xml">Security features</ulink> page.</para></section></chapter></book>