<?xml version="1.0" encoding="UTF-8"?>
<!-- $Id$ --><book><bookinfo><productname>eXist-db – Open Source Native XML Database</productname><title>Document Replication &amp; Messaging</title><date>October 2012</date></bookinfo><chapter><title>Replication &amp; Messaging</title><section id="replication-introduction"><title>This eXist-db extension has moved to GitHub</title><note><para>Starting with eXist-db v2.2 the document replication extension will be released as a XAR file independant from
                the eXist-db release schedule. </para><para>
                The extension is now available on <ulink url="https://github.com/eXist-db/messaging-replication/wiki">GitHub</ulink>.</para></note></section></chapter></book>