<collection xmlns="http://exist.sourceforge.net/NS/exist" name="/db/apps/betterform/reference/resources" version="1" owner="admin" group="dba" mode="775" created="2016-01-06T15:49:56.296-04:00">
    <acl entries="0" version="1"/>
    <resource type="BinaryResource" name="1.200.jpg" skip="no" owner="admin" group="dba" mode="775" created="2016-01-06T15:49:56.296-04:00" modified="2016-01-06T15:49:56.296-04:00" filename="1.200.jpg" mimetype="image/jpeg">
        <acl entries="0" version="1"/>
    </resource>
    <resource type="BinaryResource" name="style.css" skip="no" owner="admin" group="dba" mode="775" created="2016-01-06T15:49:56.297-04:00" modified="2016-01-06T15:49:56.297-04:00" filename="style.css" mimetype="text/css">
        <acl entries="0" version="1"/>
    </resource>
    <resource type="XMLResource" name="htmlToEmbed.html" skip="no" owner="admin" group="dba" mode="775" created="2016-01-06T15:49:56.297-04:00" modified="2016-01-06T15:49:56.297-04:00" filename="htmlToEmbed.html" mimetype="text/html">
        <acl entries="0" version="1"/>
    </resource>
    <resource type="XMLResource" name="Load-Embed-CSS-JavaScript-Subform.xhtml" skip="no" owner="admin" group="dba" mode="775" created="2016-01-06T15:49:56.301-04:00" modified="2016-01-06T15:49:56.301-04:00" filename="Load-Embed-CSS-JavaScript-Subform.xhtml" mimetype="application/xhtml+xml">
        <acl entries="0" version="1"/>
    </resource>
    <resource type="BinaryResource" name="script.js" skip="no" owner="admin" group="dba" mode="775" created="2016-01-06T15:49:56.304-04:00" modified="2016-01-06T15:49:56.304-04:00" filename="script.js" mimetype="application/x-javascript">
        <acl entries="0" version="1"/>
    </resource>
</collection>