<collection xmlns="http://exist.sourceforge.net/NS/exist" name="/db/apps/demo/examples/web" version="1" owner="demo" group="demo" mode="775" created="2016-01-06T15:49:57.146-04:00">
    <acl entries="0" version="1"/>
    <resource type="XMLResource" name="index.html" skip="no" owner="demo" group="demo" mode="775" created="2016-01-06T15:49:57.158-04:00" modified="2016-01-06T15:49:57.158-04:00" filename="index.html" mimetype="text/html">
        <acl entries="0" version="1"/>
    </resource>
    <resource type="BinaryResource" name="guess-templates.xql" skip="no" owner="demo" group="demo" mode="775" created="2016-01-06T15:49:57.16-04:00" modified="2016-01-06T15:49:57.16-04:00" filename="guess-templates.xql" mimetype="application/xquery">
        <acl entries="0" version="1"/>
    </resource>
    <resource type="XMLResource" name="guess.html" skip="no" owner="demo" group="demo" mode="775" created="2016-01-06T15:49:57.167-04:00" modified="2016-01-06T15:49:57.167-04:00" filename="guess.html" mimetype="text/html">
        <acl entries="0" version="1"/>
    </resource>
    <resource type="BinaryResource" name="shakespeare.xql" skip="no" owner="demo" group="demo" mode="775" created="2016-01-06T15:49:57.17-04:00" modified="2016-01-06T15:49:57.17-04:00" filename="shakespeare.xql" mimetype="application/xquery">
        <acl entries="0" version="1"/>
    </resource>
    <resource type="XMLResource" name="shakespeare.html" skip="no" owner="demo" group="demo" mode="775" created="2016-01-06T15:49:57.182-04:00" modified="2016-01-06T15:49:57.182-04:00" filename="shakespeare.html" mimetype="text/html">
        <acl entries="0" version="1"/>
    </resource>
    <resource type="XMLResource" name="shakespeare-ajax.html" skip="no" owner="demo" group="demo" mode="775" created="2016-01-06T15:49:57.185-04:00" modified="2016-01-06T15:49:57.185-04:00" filename="shakespeare-ajax.html" mimetype="text/html">
        <acl entries="0" version="1"/>
    </resource>
    <resource type="BinaryResource" name="guess.xql" skip="no" owner="demo" group="demo" mode="775" created="2016-01-06T15:49:57.146-04:00" modified="2016-01-06T15:49:57.146-04:00" filename="guess.xql" mimetype="application/xquery">
        <acl entries="0" version="1"/>
    </resource>
</collection>