<collection xmlns="http://exist.sourceforge.net/NS/exist" name="/db/apps/fundocs/modules" version="1" owner="eXide" group="eXide" mode="775" created="2016-01-06T15:50:07.572-04:00">
    <acl entries="0" version="1"/>
    <resource type="BinaryResource" name="reindex.xql" skip="no" owner="eXide" group="eXide" mode="775" created="2016-01-06T15:50:07.572-04:00" modified="2016-01-06T15:50:07.572-04:00" filename="reindex.xql" mimetype="application/xquery">
        <acl entries="0" version="1"/>
    </resource>
    <resource type="BinaryResource" name="scan.xql" skip="no" owner="eXide" group="eXide" mode="775" created="2016-01-06T15:50:07.572-04:00" modified="2016-01-06T15:50:07.572-04:00" filename="scan.xql" mimetype="application/xquery">
        <acl entries="0" version="1"/>
    </resource>
    <resource type="BinaryResource" name="config.xqm" skip="no" owner="eXide" group="eXide" mode="775" created="2016-01-06T15:50:07.573-04:00" modified="2016-01-06T15:50:07.573-04:00" filename="config.xqm" mimetype="application/xquery">
        <acl entries="0" version="1"/>
    </resource>
    <resource type="BinaryResource" name="view.xql" skip="no" owner="eXide" group="eXide" mode="775" created="2016-01-06T15:50:07.573-04:00" modified="2016-01-06T15:50:07.573-04:00" filename="view.xql" mimetype="application/xquery">
        <acl entries="0" version="1"/>
    </resource>
    <resource type="BinaryResource" name="app.xql" skip="no" owner="eXide" group="eXide" mode="775" created="2016-01-06T15:50:07.573-04:00" modified="2016-01-06T15:50:07.573-04:00" filename="app.xql" mimetype="application/xquery">
        <acl entries="0" version="1"/>
    </resource>
</collection>