<collection xmlns="http://exist.sourceforge.net/NS/exist" name="/db/apps/betterform/demo/images" version="1" owner="admin" group="dba" mode="775" created="2016-01-06T15:49:56.349-04:00">
    <acl entries="0" version="1"/>
    <resource type="BinaryResource" name="error.png" skip="no" owner="admin" group="dba" mode="775" created="2016-01-06T15:49:56.358-04:00" modified="2016-01-06T15:49:56.358-04:00" filename="error.png" mimetype="image/png">
        <acl entries="0" version="1"/>
    </resource>
    <resource type="BinaryResource" name="reg-r.png" skip="no" owner="admin" group="dba" mode="775" created="2016-01-06T15:49:56.358-04:00" modified="2016-01-06T15:49:56.358-04:00" filename="reg-r.png" mimetype="image/png">
        <acl entries="0" version="1"/>
    </resource>
    <resource type="BinaryResource" name="001_03.png" skip="no" owner="admin" group="dba" mode="775" created="2016-01-06T15:49:56.359-04:00" modified="2016-01-06T15:49:56.359-04:00" filename="001_03.png" mimetype="image/png">
        <acl entries="0" version="1"/>
    </resource>
    <resource type="BinaryResource" name="ord-l.png" skip="no" owner="admin" group="dba" mode="775" created="2016-01-06T15:49:56.349-04:00" modified="2016-01-06T15:49:56.349-04:00" filename="ord-l.png" mimetype="image/png">
        <acl entries="0" version="1"/>
    </resource>
    <resource type="BinaryResource" name="001_39.png" skip="no" owner="admin" group="dba" mode="775" created="2016-01-06T15:49:56.35-04:00" modified="2016-01-06T15:49:56.35-04:00" filename="001_39.png" mimetype="image/png">
        <acl entries="0" version="1"/>
    </resource>
    <resource type="BinaryResource" name="ord-r.png" skip="no" owner="admin" group="dba" mode="775" created="2016-01-06T15:49:56.35-04:00" modified="2016-01-06T15:49:56.35-04:00" filename="ord-r.png" mimetype="image/png">
        <acl entries="0" version="1"/>
    </resource>
    <resource type="BinaryResource" name="001_24.png" skip="no" owner="admin" group="dba" mode="775" created="2016-01-06T15:49:56.35-04:00" modified="2016-01-06T15:49:56.35-04:00" filename="001_24.png" mimetype="image/png">
        <acl entries="0" version="1"/>
    </resource>
    <resource type="BinaryResource" name="add-r.png" skip="no" owner="admin" group="dba" mode="775" created="2016-01-06T15:49:56.35-04:00" modified="2016-01-06T15:49:56.35-04:00" filename="add-r.png" mimetype="image/png">
        <acl entries="0" version="1"/>
    </resource>
    <resource type="BinaryResource" name="001_60-r.png" skip="no" owner="admin" group="dba" mode="775" created="2016-01-06T15:49:56.351-04:00" modified="2016-01-06T15:49:56.351-04:00" filename="001_60-r.png" mimetype="image/png">
        <acl entries="0" version="1"/>
    </resource>
    <resource type="BinaryResource" name="001_47.png" skip="no" owner="admin" group="dba" mode="775" created="2016-01-06T15:49:56.351-04:00" modified="2016-01-06T15:49:56.351-04:00" filename="001_47.png" mimetype="image/png">
        <acl entries="0" version="1"/>
    </resource>
    <resource type="BinaryResource" name="fea-r.png" skip="no" owner="admin" group="dba" mode="775" created="2016-01-06T15:49:56.352-04:00" modified="2016-01-06T15:49:56.352-04:00" filename="fea-r.png" mimetype="image/png">
        <acl entries="0" version="1"/>
    </resource>
    <resource type="BinaryResource" name="hint.png" skip="no" owner="admin" group="dba" mode="775" created="2016-01-06T15:49:56.352-04:00" modified="2016-01-06T15:49:56.352-04:00" filename="hint.png" mimetype="image/png">
        <acl entries="0" version="1"/>
    </resource>
    <resource type="BinaryResource" name="reg-l.png" skip="no" owner="admin" group="dba" mode="775" created="2016-01-06T15:49:56.353-04:00" modified="2016-01-06T15:49:56.353-04:00" filename="reg-l.png" mimetype="image/png">
        <acl entries="0" version="1"/>
    </resource>
    <resource type="BinaryResource" name="ok.png" skip="no" owner="admin" group="dba" mode="775" created="2016-01-06T15:49:56.353-04:00" modified="2016-01-06T15:49:56.353-04:00" filename="ok.png" mimetype="image/png">
        <acl entries="0" version="1"/>
    </resource>
    <resource type="BinaryResource" name="001_06.png" skip="no" owner="admin" group="dba" mode="775" created="2016-01-06T15:49:56.354-04:00" modified="2016-01-06T15:49:56.354-04:00" filename="001_06.png" mimetype="image/png">
        <acl entries="0" version="1"/>
    </resource>
    <resource type="BinaryResource" name="001_05.png" skip="no" owner="admin" group="dba" mode="775" created="2016-01-06T15:49:56.354-04:00" modified="2016-01-06T15:49:56.354-04:00" filename="001_05.png" mimetype="image/png">
        <acl entries="0" version="1"/>
    </resource>
    <resource type="BinaryResource" name="001_22.png" skip="no" owner="admin" group="dba" mode="775" created="2016-01-06T15:49:56.354-04:00" modified="2016-01-06T15:49:56.354-04:00" filename="001_22.png" mimetype="image/png">
        <acl entries="0" version="1"/>
    </resource>
    <resource type="BinaryResource" name="fea-l.png" skip="no" owner="admin" group="dba" mode="775" created="2016-01-06T15:49:56.355-04:00" modified="2016-01-06T15:49:56.355-04:00" filename="fea-l.png" mimetype="image/png">
        <acl entries="0" version="1"/>
    </resource>
    <resource type="BinaryResource" name="001_60.png" skip="no" owner="admin" group="dba" mode="775" created="2016-01-06T15:49:56.356-04:00" modified="2016-01-06T15:49:56.356-04:00" filename="001_60.png" mimetype="image/png">
        <acl entries="0" version="1"/>
    </resource>
    <resource type="BinaryResource" name="play.png" skip="no" owner="admin" group="dba" mode="775" created="2016-01-06T15:49:56.356-04:00" modified="2016-01-06T15:49:56.356-04:00" filename="play.png" mimetype="image/png">
        <acl entries="0" version="1"/>
    </resource>
    <resource type="BinaryResource" name="001_04.png" skip="no" owner="admin" group="dba" mode="775" created="2016-01-06T15:49:56.357-04:00" modified="2016-01-06T15:49:56.357-04:00" filename="001_04.png" mimetype="image/png">
        <acl entries="0" version="1"/>
    </resource>
    <resource type="BinaryResource" name="add-l.png" skip="no" owner="admin" group="dba" mode="775" created="2016-01-06T15:49:56.357-04:00" modified="2016-01-06T15:49:56.357-04:00" filename="add-l.png" mimetype="image/png">
        <acl entries="0" version="1"/>
    </resource>
</collection>